quadro,regiao,linha,coluna,valor,nota
1,Brasil,TOTAIS,total,70119071,""
1,Brasil,0 a 4,total,11196313,""
1,Brasil,5 a 9,total,10161291,""
1,Brasil,10 a 14,total,8573877,""
1,Brasil,15 a 19,total,7142443,""
1,Brasil,20 a 24,total,6160742,""
1,Brasil,25 a 29,total,5208742,""
1,Brasil,30 a 39,total,8505084,""
1,Brasil,40 a 49,total,5959858,""
1,Brasil,50 a 59,total,3786394,""
1,Brasil,60 a 69,total,2185327,""
1,Brasil,70 e mais e ignorada,total,1239000,""
1,Brasil,TOTAIS,homens,35010717,""
1,Brasil,0 a 4,homens,5712395,""
1,Brasil,5 a 9,homens,5158864,""
1,Brasil,10 a 14,homens,4287220,""
1,Brasil,15 a 19,homens,3445715,""
1,Brasil,20 a 24,homens,2963688,""
1,Brasil,25 a 29,homens,2521689,""
1,Brasil,30 a 39,homens,4209833,""
1,Brasil,40 a 49,homens,3052484,""
1,Brasil,50 a 59,homens,1951454,""
1,Brasil,60 a 69,homens,1124256,""
1,Brasil,70 e mais e ignorada,homens,583119,""
1,Brasil,TOTAIS,mulheres,35108354,""
1,Brasil,0 a 4,mulheres,5483918,""
1,Brasil,5 a 9,mulheres,5002427,""
1,Brasil,10 a 14,mulheres,4286657,""
1,Brasil,15 a 19,mulheres,3696728,""
1,Brasil,20 a 24,mulheres,3197054,""
1,Brasil,25 a 29,mulheres,2687053,""
1,Brasil,30 a 39,mulheres,4295251,""
1,Brasil,40 a 49,mulheres,2907374,""
1,Brasil,50 a 59,mulheres,1834940,""
1,Brasil,60 a 69,mulheres,1061071,""
1,Brasil,70 e mais e ignorada,mulheres,655881,""
1,Brasil,TOTAIS,urbana,32471377,""
1,Brasil,0 a 4,urbana,4699373,""
1,Brasil,5 a 9,urbana,4226152,""
1,Brasil,10 a 14,urbana,3691048,""
1,Brasil,15 a 19,urbana,3171198,""
1,Brasil,20 a 24,urbana,2950453,""
1,Brasil,25 a 29,urbana,2608453,""
1,Brasil,30 a 39,urbana,4380941,""
1,Brasil,40 a 49,urbana,2985251,""
1,Brasil,50 a 59,urbana,1952588,""
1,Brasil,60 a 69,urbana,1139426,""
1,Brasil,70 e mais e ignorada,urbana,666494,""
1,Brasil,TOTAIS,urbana_homens,15621580,""
1,Brasil,0 a 4,urbana_homens,2370456,""
1,Brasil,5 a 9,urbana_homens,2108092,""
1,Brasil,10 a 14,urbana_homens,1784363,""
1,Brasil,15 a 19,urbana_homens,1446864,""
1,Brasil,20 a 24,urbana_homens,1354315,""
1,Brasil,25 a 29,urbana_homens,1213915,""
1,Brasil,30 a 39,urbana_homens,2103547,""
1,Brasil,40 a 49,urbana_homens,1458365,""
1,Brasil,50 a 59,urbana_homens,952273,""
1,Brasil,60 a 69,urbana_homens,543298,""
1,Brasil,70 e mais e ignorada,urbana_homens,286092,""
1,Brasil,TOTAIS,urbana_mulheres,16849797,""
1,Brasil,0 a 4,urbana_mulheres,2328917,""
1,Brasil,5 a 9,urbana_mulheres,2118060,""
1,Brasil,10 a 14,urbana_mulheres,1906685,""
1,Brasil,15 a 19,urbana_mulheres,1724334,""
1,Brasil,20 a 24,urbana_mulheres,1596138,""
1,Brasil,25 a 29,urbana_mulheres,1394538,""
1,Brasil,30 a 39,urbana_mulheres,2277394,""
1,Brasil,40 a 49,urbana_mulheres,1526886,""
1,Brasil,50 a 59,urbana_mulheres,1000315,""
1,Brasil,60 a 69,urbana_mulheres,596128,""
1,Brasil,70 e mais e ignorada,urbana_mulheres,380402,""
1,Brasil,TOTAIS,rural,37647694,""
1,Brasil,0 a 4,rural,6496940,""
1,Brasil,5 a 9,rural,5935139,""
1,Brasil,10 a 14,rural,4882829,""
1,Brasil,15 a 19,rural,3971245,""
1,Brasil,20 a 24,rural,3210289,""
1,Brasil,25 a 29,rural,2600289,""
1,Brasil,30 a 39,rural,4124143,""
1,Brasil,40 a 49,rural,2974607,""
1,Brasil,50 a 59,rural,1833806,""
1,Brasil,60 a 69,rural,1045901,""
1,Brasil,70 e mais e ignorada,rural,572506,""
1,Brasil,TOTAIS,rural_homens,19389137,""
1,Brasil,0 a 4,rural_homens,3341939,""
1,Brasil,5 a 9,rural_homens,3050772,""
1,Brasil,10 a 14,rural_homens,2502857,""
1,Brasil,15 a 19,rural_homens,1998851,""
1,Brasil,20 a 24,rural_homens,1609373,""
1,Brasil,25 a 29,rural_homens,1307774,""
1,Brasil,30 a 39,rural_homens,2106286,""
1,Brasil,40 a 49,rural_homens,1594119,""
1,Brasil,50 a 59,rural_homens,999181,""
1,Brasil,60 a 69,rural_homens,580958,""
1,Brasil,70 e mais e ignorada,rural_homens,297027,""
1,Brasil,TOTAIS,rural_mulheres,18258557,""
1,Brasil,0 a 4,rural_mulheres,3155001,""
1,Brasil,5 a 9,rural_mulheres,2884367,""
1,Brasil,10 a 14,rural_mulheres,2379972,""
1,Brasil,15 a 19,rural_mulheres,1972394,""
1,Brasil,20 a 24,rural_mulheres,1600916,""
1,Brasil,25 a 29,rural_mulheres,1292515,""
1,Brasil,30 a 39,rural_mulheres,2017857,""
1,Brasil,40 a 49,rural_mulheres,1380488,""
1,Brasil,50 a 59,rural_mulheres,834625,""
1,Brasil,60 a 69,rural_mulheres,464943,""
1,Brasil,70 e mais e ignorada,rural_mulheres,275479,""
1,Nordeste,TOTAIS,total,15524609,""
1,Nordeste,0 a 4,total,2564359,""
1,Nordeste,5 a 9,total,2331671,""
1,Nordeste,10 a 14,total,2012131,""
1,Nordeste,15 a 19,total,1643181,""
1,Nordeste,20 a 24,total,1353308,""
1,Nordeste,25 a 29,total,1026528,""
1,Nordeste,30 a 39,total,1748454,""
1,Nordeste,40 a 49,total,1245882,""
1,Nordeste,50 a 59,total,798248,""
1,Nordeste,60 a 69,total,511703,""
1,Nordeste,70 e mais e ignorada,total,289144,""
1,Nordeste,TOTAIS,homens,7613641,""
1,Nordeste,0 a 4,homens,1319349,""
1,Nordeste,5 a 9,homens,1181924,""
1,Nordeste,10 a 14,homens,997956,""
1,Nordeste,15 a 19,homens,777937,""
1,Nordeste,20 a 24,homens,611730,""
1,Nordeste,25 a 29,homens,462329,""
1,Nordeste,30 a 39,homens,828889,""
1,Nordeste,40 a 49,homens,634252,""
1,Nordeste,50 a 59,homens,401178,""
1,Nordeste,60 a 69,homens,263714,""
1,Nordeste,70 e mais e ignorada,homens,134383,""
1,Nordeste,TOTAIS,mulheres,7910968,""
1,Nordeste,0 a 4,mulheres,1245010,""
1,Nordeste,5 a 9,mulheres,1149747,""
1,Nordeste,10 a 14,mulheres,1014175,""
1,Nordeste,15 a 19,mulheres,865244,""
1,Nordeste,20 a 24,mulheres,741578,""
1,Nordeste,25 a 29,mulheres,564199,""
1,Nordeste,30 a 39,mulheres,919565,""
1,Nordeste,40 a 49,mulheres,611630,""
1,Nordeste,50 a 59,mulheres,397070,""
1,Nordeste,60 a 69,mulheres,247989,""
1,Nordeste,70 e mais e ignorada,mulheres,154761,""
1,Nordeste,TOTAIS,urbana,5449423,""
1,Nordeste,0 a 4,urbana,852429,""
1,Nordeste,5 a 9,urbana,753804,""
1,Nordeste,10 a 14,urbana,680428,""
1,Nordeste,15 a 19,urbana,571704,""
1,Nordeste,20 a 24,urbana,492445,""
1,Nordeste,25 a 29,urbana,376911,""
1,Nordeste,30 a 39,urbana,663389,""
1,Nordeste,40 a 49,urbana,456435,""
1,Nordeste,50 a 59,urbana,296282,""
1,Nordeste,60 a 69,urbana,189146,""
1,Nordeste,70 e mais e ignorada,urbana,116450,""
1,Nordeste,TOTAIS,urbana_homens,2522960,""
1,Nordeste,0 a 4,urbana_homens,435102,""
1,Nordeste,5 a 9,urbana_homens,372174,""
1,Nordeste,10 a 14,urbana_homens,320215,""
1,Nordeste,15 a 19,urbana_homens,249980,""
1,Nordeste,20 a 24,urbana_homens,206223,""
1,Nordeste,25 a 29,urbana_homens,154387,""
1,Nordeste,30 a 39,urbana_homens,296903,""
1,Nordeste,40 a 49,urbana_homens,215631,""
1,Nordeste,50 a 59,urbana_homens,136291,""
1,Nordeste,60 a 69,urbana_homens,87386,""
1,Nordeste,70 e mais e ignorada,urbana_homens,48668,""
1,Nordeste,TOTAIS,urbana_mulheres,2926463,""
1,Nordeste,0 a 4,urbana_mulheres,417327,""
1,Nordeste,5 a 9,urbana_mulheres,381630,""
1,Nordeste,10 a 14,urbana_mulheres,360213,""
1,Nordeste,15 a 19,urbana_mulheres,321724,""
1,Nordeste,20 a 24,urbana_mulheres,286222,""
1,Nordeste,25 a 29,urbana_mulheres,222524,""
1,Nordeste,30 a 39,urbana_mulheres,366486,""
1,Nordeste,40 a 49,urbana_mulheres,240804,""
1,Nordeste,50 a 59,urbana_mulheres,159991,""
1,Nordeste,60 a 69,urbana_mulheres,101760,""
1,Nordeste,70 e mais e ignorada,urbana_mulheres,67782,""
1,Nordeste,TOTAIS,rural,10075186,""
1,Nordeste,0 a 4,rural,1711930,""
1,Nordeste,5 a 9,rural,1577867,""
1,Nordeste,10 a 14,rural,1331703,""
1,Nordeste,15 a 19,rural,1071477,""
1,Nordeste,20 a 24,rural,860863,""
1,Nordeste,25 a 29,rural,649617,""
1,Nordeste,30 a 39,rural,1085065,""
1,Nordeste,40 a 49,rural,789447,""
1,Nordeste,50 a 59,rural,501966,""
1,Nordeste,60 a 69,rural,322557,""
1,Nordeste,70 e mais e ignorada,rural,172694,""
1,Nordeste,TOTAIS,rural_homens,5090681,""
1,Nordeste,0 a 4,rural_homens,884247,""
1,Nordeste,5 a 9,rural_homens,809750,""
1,Nordeste,10 a 14,rural_homens,677741,""
1,Nordeste,15 a 19,rural_homens,527957,""
1,Nordeste,20 a 24,rural_homens,405507,""
1,Nordeste,25 a 29,rural_homens,307942,""
1,Nordeste,30 a 39,rural_homens,531986,""
1,Nordeste,40 a 49,rural_homens,418621,""
1,Nordeste,50 a 59,rural_homens,264887,""
1,Nordeste,60 a 69,rural_homens,176328,""
1,Nordeste,70 e mais e ignorada,rural_homens,85715,""
1,Nordeste,TOTAIS,rural_mulheres,4984505,""
1,Nordeste,0 a 4,rural_mulheres,827683,""
1,Nordeste,5 a 9,rural_mulheres,768117,""
1,Nordeste,10 a 14,rural_mulheres,653962,""
1,Nordeste,15 a 19,rural_mulheres,543520,""
1,Nordeste,20 a 24,rural_mulheres,455356,""
1,Nordeste,25 a 29,rural_mulheres,341675,""
1,Nordeste,30 a 39,rural_mulheres,553079,""
1,Nordeste,40 a 49,rural_mulheres,370826,""
1,Nordeste,50 a 59,rural_mulheres,237079,""
1,Nordeste,60 a 69,rural_mulheres,146229,""
1,Nordeste,70 e mais e ignorada,rural_mulheres,86979,""
1,Leste,TOTAIS,total,24659232,""
1,Leste,0 a 4,total,3915834,""
1,Leste,5 a 9,total,3571074,""
1,Leste,10 a 14,total,3007446,""
1,Leste,15 a 19,total,2498808,""
1,Leste,20 a 24,total,2142114,""
1,Leste,25 a 29,total,1836822,""
1,Leste,30 a 39,total,2952924,""
1,Leste,40 a 49,total,2136732,""
1,Leste,50 a 59,total,1363362,""
1,Leste,60 a 69,total,776568,""
1,Leste,70 e mais e ignorada,total,457548,resolvida pela aritmetica; OCR ilegivel ou incoerente
1,Leste,TOTAIS,homens,12187188,""
1,Leste,0 a 4,homens,1982760,""
1,Leste,5 a 9,homens,1803360,""
1,Leste,10 a 14,homens,1511562,""
1,Leste,15 a 19,homens,1196598,""
1,Leste,20 a 24,homens,1022268,""
1,Leste,25 a 29,homens,872898,""
1,Leste,30 a 39,homens,1428336,""
1,Leste,40 a 49,homens,1073982,""
1,Leste,50 a 59,homens,699504,""
1,Leste,60 a 69,homens,385008,""
1,Leste,70 e mais e ignorada,homens,210912,""
1,Leste,TOTAIS,mulheres,12472044,""
1,Leste,0 a 4,mulheres,1933074,""
1,Leste,5 a 9,mulheres,1767714,""
1,Leste,10 a 14,mulheres,1495884,""
1,Leste,15 a 19,mulheres,1302210,""
1,Leste,20 a 24,mulheres,1119846,""
1,Leste,25 a 29,mulheres,963924,""
1,Leste,30 a 39,mulheres,1524588,""
1,Leste,40 a 49,mulheres,1062750,""
1,Leste,50 a 59,mulheres,663858,""
1,Leste,60 a 69,mulheres,391560,""
1,Leste,70 e mais e ignorada,mulheres,246636,""
1,Leste,TOTAIS,urbana,12054978,""
1,Leste,0 a 4,urbana,1736358,""
1,Leste,5 a 9,urbana,1555242,""
1,Leste,10 a 14,urbana,1354002,""
1,Leste,15 a 19,urbana,1165476,""
1,Leste,20 a 24,urbana,1082718,""
1,Leste,25 a 29,urbana,975468,""
1,Leste,30 a 39,urbana,1613586,""
1,Leste,40 a 49,urbana,1138878,""
1,Leste,50 a 59,urbana,748722,""
1,Leste,60 a 69,urbana,433524,""
1,Leste,70 e mais e ignorada,urbana,251004,""
1,Leste,TOTAIS,urbana_homens,5743062,""
1,Leste,0 a 4,urbana_homens,871494,""
1,Leste,5 a 9,urbana_homens,767520,""
1,Leste,10 a 14,urbana_homens,655356,""
1,Leste,15 a 19,urbana_homens,531180,""
1,Leste,20 a 24,urbana_homens,502788,""
1,Leste,25 a 29,urbana_homens,449202,""
1,Leste,30 a 39,urbana_homens,757068,""
1,Leste,40 a 49,urbana_homens,541944,""
1,Leste,50 a 59,urbana_homens,364884,""
1,Leste,60 a 69,urbana_homens,198822,""
1,Leste,70 e mais e ignorada,urbana_homens,102804,""
1,Leste,TOTAIS,urbana_mulheres,6311916,""
1,Leste,0 a 4,urbana_mulheres,864864,""
1,Leste,5 a 9,urbana_mulheres,787722,""
1,Leste,10 a 14,urbana_mulheres,698646,""
1,Leste,15 a 19,urbana_mulheres,634296,""
1,Leste,20 a 24,urbana_mulheres,579930,""
1,Leste,25 a 29,urbana_mulheres,526266,""
1,Leste,30 a 39,urbana_mulheres,856518,""
1,Leste,40 a 49,urbana_mulheres,596934,""
1,Leste,50 a 59,urbana_mulheres,383838,""
1,Leste,60 a 69,urbana_mulheres,234702,""
1,Leste,70 e mais e ignorada,urbana_mulheres,148200,""
1,Leste,TOTAIS,rural,12604254,""
1,Leste,0 a 4,rural,2179476,""
1,Leste,5 a 9,rural,2015832,""
1,Leste,10 a 14,rural,1653444,""
1,Leste,15 a 19,rural,1333332,""
1,Leste,20 a 24,rural,1059396,""
1,Leste,25 a 29,rural,861354,""
1,Leste,30 a 39,rural,1339338,""
1,Leste,40 a 49,rural,997854,""
1,Leste,50 a 59,rural,614640,""
1,Leste,60 a 69,rural,343044,""
1,Leste,70 e mais e ignorada,rural,206544,""
1,Leste,TOTAIS,rural_homens,6444126,""
1,Leste,0 a 4,rural_homens,1111266,""
1,Leste,5 a 9,rural_homens,1035840,""
1,Leste,10 a 14,rural_homens,856206,""
1,Leste,15 a 19,rural_homens,665418,""
1,Leste,20 a 24,rural_homens,519480,""
1,Leste,25 a 29,rural_homens,423696,""
1,Leste,30 a 39,rural_homens,671268,""
1,Leste,40 a 49,rural_homens,532038,""
1,Leste,50 a 59,rural_homens,334620,""
1,Leste,60 a 69,rural_homens,186186,""
1,Leste,70 e mais e ignorada,rural_homens,108108,""
1,Leste,TOTAIS,rural_mulheres,6160128,""
1,Leste,0 a 4,rural_mulheres,1068210,""
1,Leste,5 a 9,rural_mulheres,979992,""
1,Leste,10 a 14,rural_mulheres,797238,""
1,Leste,15 a 19,rural_mulheres,667914,""
1,Leste,20 a 24,rural_mulheres,539916,""
1,Leste,25 a 29,rural_mulheres,437658,""
1,Leste,30 a 39,rural_mulheres,668070,""
1,Leste,40 a 49,rural_mulheres,465816,""
1,Leste,50 a 59,rural_mulheres,280020,""
1,Leste,60 a 69,rural_mulheres,156858,""
1,Leste,70 e mais e ignorada,rural_mulheres,98436,""
1,Sul,TOTAIS,total,24445902,""
1,Sul,0 a 4,total,3761940,""
1,Sul,5 a 9,total,3401190,""
1,Sul,10 a 14,total,2851680,""
1,Sul,15 a 19,total,2417610,resolvida pela aritmetica; OCR ilegivel ou incoerente
1,Sul,20 a 24,total,2178540,""
1,Sul,25 a 29,total,1942668,""
1,Sul,30 a 39,total,3176706,""
1,Sul,40 a 49,total,2146248,""
1,Sul,50 a 59,total,1380444,""
1,Sul,60 a 69,total,762840,""
1,Sul,70 e mais e ignorada,total,426036,""
1,Sul,TOTAIS,homens,12401688,""
1,Sul,0 a 4,homens,1930422,""
1,Sul,5 a 9,homens,1736124,""
1,Sul,10 a 14,homens,1425138,""
1,Sul,15 a 19,homens,1181544,""
1,Sul,20 a 24,homens,1081626,""
1,Sul,25 a 29,homens,979134,""
1,Sul,30 a 39,homens,1624896,""
1,Sul,40 a 49,homens,1115946,""
1,Sul,50 a 59,homens,718380,""
1,Sul,60 a 69,homens,403182,""
1,Sul,70 e mais e ignorada,homens,205296,""
1,Sul,TOTAIS,mulheres,12044214,""
1,Sul,0 a 4,mulheres,1831518,""
1,Sul,5 a 9,mulheres,1665066,""
1,Sul,10 a 14,mulheres,1426542,""
1,Sul,15 a 19,mulheres,1236066,""
1,Sul,20 a 24,mulheres,1096914,""
1,Sul,25 a 29,mulheres,963534,""
1,Sul,30 a 39,mulheres,1551810,""
1,Sul,40 a 49,mulheres,1030302,""
1,Sul,50 a 59,mulheres,662064,""
1,Sul,60 a 69,mulheres,359658,""
1,Sul,70 e mais e ignorada,mulheres,220740,""
1,Sul,TOTAIS,urbana,12724140,""
1,Sul,0 a 4,urbana,1742442,""
1,Sul,5 a 9,urbana,1585974,""
1,Sul,10 a 14,urbana,1374126,""
1,Sul,15 a 19,urbana,1193478,""
1,Sul,20 a 24,urbana,1167582,""
1,Sul,25 a 29,urbana,1088646,""
1,Sul,30 a 39,urbana,1836978,""
1,Sul,40 a 49,urbana,1211262,""
1,Sul,50 a 59,urbana,802932,""
1,Sul,60 a 69,urbana,454740,""
1,Sul,70 e mais e ignorada,urbana,265980,""
1,Sul,TOTAIS,urbana_homens,6258954,""
1,Sul,0 a 4,urbana_homens,883740,""
1,Sul,5 a 9,urbana_homens,800514,""
1,Sul,10 a 14,urbana_homens,672828,""
1,Sul,15 a 19,urbana_homens,555048,""
1,Sul,20 a 24,urbana_homens,544908,""
1,Sul,25 a 29,urbana_homens,529386,""
1,Sul,30 a 39,urbana_homens,916500,""
1,Sul,40 a 49,urbana_homens,610350,""
1,Sul,50 a 59,urbana_homens,398658,""
1,Sul,60 a 69,urbana_homens,227526,""
1,Sul,70 e mais e ignorada,urbana_homens,119496,""
1,Sul,TOTAIS,urbana_mulheres,6465186,""
1,Sul,0 a 4,urbana_mulheres,858702,""
1,Sul,5 a 9,urbana_mulheres,785460,""
1,Sul,10 a 14,urbana_mulheres,701298,""
1,Sul,15 a 19,urbana_mulheres,638430,""
1,Sul,20 a 24,urbana_mulheres,622674,""
1,Sul,25 a 29,urbana_mulheres,559260,""
1,Sul,30 a 39,urbana_mulheres,920478,""
1,Sul,40 a 49,urbana_mulheres,600912,""
1,Sul,50 a 59,urbana_mulheres,404274,""
1,Sul,60 a 69,urbana_mulheres,227214,""
1,Sul,70 e mais e ignorada,urbana_mulheres,146484,""
1,Sul,TOTAIS,rural,11721762,""
1,Sul,0 a 4,rural,2019498,""
1,Sul,5 a 9,rural,1815216,""
1,Sul,10 a 14,rural,1477554,""
1,Sul,15 a 19,rural,1224132,""
1,Sul,20 a 24,rural,1010958,""
1,Sul,25 a 29,rural,854022,""
1,Sul,30 a 39,rural,1339728,""
1,Sul,40 a 49,rural,934986,""
1,Sul,50 a 59,rural,577512,""
1,Sul,60 a 69,rural,308100,""
1,Sul,70 e mais e ignorada,rural,160056,""
1,Sul,TOTAIS,rural_homens,6142734,""
1,Sul,0 a 4,rural_homens,1046682,""
1,Sul,5 a 9,rural_homens,935610,""
1,Sul,10 a 14,rural_homens,752310,""
1,Sul,15 a 19,rural_homens,626496,""
1,Sul,20 a 24,rural_homens,536718,""
1,Sul,25 a 29,rural_homens,449748,""
1,Sul,30 a 39,rural_homens,708396,""
1,Sul,40 a 49,rural_homens,505596,""
1,Sul,50 a 59,rural_homens,319722,""
1,Sul,60 a 69,rural_homens,175656,""
1,Sul,70 e mais e ignorada,rural_homens,85800,""
1,Sul,TOTAIS,rural_mulheres,5579028,""
1,Sul,0 a 4,rural_mulheres,972816,""
1,Sul,5 a 9,rural_mulheres,879606,""
1,Sul,10 a 14,rural_mulheres,725244,""
1,Sul,15 a 19,rural_mulheres,597636,""
1,Sul,20 a 24,rural_mulheres,474240,""
1,Sul,25 a 29,rural_mulheres,404274,""
1,Sul,30 a 39,rural_mulheres,631332,""
1,Sul,40 a 49,rural_mulheres,429390,""
1,Sul,50 a 59,rural_mulheres,257790,""
1,Sul,60 a 69,rural_mulheres,132444,""
1,Sul,70 e mais e ignorada,rural_mulheres,74256,""
6,Brasil,TOTAIS,dom_total,13475472,""
6,Brasil,proprios,dom_total,7739077,""
6,Brasil,alugados,dom_total,3027210,""
6,Brasil,ate_500,dom_total,893896,""
6,Brasil,501_1000,dom_total,567060,""
6,Brasil,1001_2000,dom_total,568795,""
6,Brasil,2001_4000,dom_total,539607,""
6,Brasil,4001_6000,dom_total,240104,""
6,Brasil,6001_mais,dom_total,217748,""
6,Brasil,outra_condicao,dom_total,2641837,resolvida pela aritmetica; OCR ilegivel ou incoerente
6,Brasil,sem_declaracao,dom_total,67348,""
6,Brasil,TOTAIS,pes_total,69168438,""
6,Brasil,proprios,pes_total,41442425,""
6,Brasil,alugados,pes_total,13971457,""
6,Brasil,ate_500,pes_total,4103902,""
6,Brasil,501_1000,pes_total,2623698,""
6,Brasil,1001_2000,pes_total,2645780,""
6,Brasil,2001_4000,pes_total,2506856,""
6,Brasil,4001_6000,pes_total,1112080,""
6,Brasil,6001_mais,pes_total,979141,""
6,Brasil,outra_condicao,pes_total,13432362,resolvida pela aritmetica; OCR ilegivel ou incoerente
6,Brasil,sem_declaracao,pes_total,322194,""
6,Brasil,TOTAIS,dom_urbana,6550784,""
6,Brasil,proprios,dom_urbana,3380561,""
6,Brasil,alugados,dom_urbana,2733380,""
6,Brasil,ate_500,dom_urbana,717361,""
6,Brasil,501_1000,dom_urbana,516699,""
6,Brasil,1001_2000,dom_urbana,534336,""
6,Brasil,2001_4000,dom_urbana,521227,""
6,Brasil,4001_6000,dom_urbana,234892,""
6,Brasil,6001_mais,dom_urbana,208865,""
6,Brasil,outra_condicao,dom_urbana,387342,resolvida pela aritmetica; OCR ilegivel ou incoerente
6,Brasil,sem_declaracao,dom_urbana,49501,""
6,Brasil,TOTAIS,pes_urbana,31593254,""
6,Brasil,proprios,pes_urbana,17151816,""
6,Brasil,alugados,pes_urbana,12509688,""
6,Brasil,ate_500,pes_urbana,3207375,""
6,Brasil,501_1000,pes_urbana,2377299,""
6,Brasil,1001_2000,pes_urbana,2480903,""
6,Brasil,2001_4000,pes_urbana,2421644,""
6,Brasil,4001_6000,pes_urbana,1086099,""
6,Brasil,6001_mais,pes_urbana,936368,""
6,Brasil,outra_condicao,pes_urbana,1707974,resolvida pela aritmetica; OCR ilegivel ou incoerente
6,Brasil,sem_declaracao,pes_urbana,223776,""
6,Brasil,TOTAIS,dom_rural,6924688,""
6,Brasil,proprios,dom_rural,4358516,""
6,Brasil,alugados,dom_rural,293830,""
6,Brasil,ate_500,dom_rural,176535,""
6,Brasil,501_1000,dom_rural,50361,""
6,Brasil,1001_2000,dom_rural,34459,""
6,Brasil,2001_4000,dom_rural,18380,""
6,Brasil,4001_6000,dom_rural,5212,""
6,Brasil,6001_mais,dom_rural,8883,""
6,Brasil,outra_condicao,dom_rural,2254495,resolvida pela aritmetica; OCR ilegivel ou incoerente
6,Brasil,sem_declaracao,dom_rural,17847,""
6,Brasil,TOTAIS,pes_rural,37575184,""
6,Brasil,proprios,pes_rural,24290609,""
6,Brasil,alugados,pes_rural,1461769,""
6,Brasil,ate_500,pes_rural,896527,""
6,Brasil,501_1000,pes_rural,246399,""
6,Brasil,1001_2000,pes_rural,164877,""
6,Brasil,2001_4000,pes_rural,85212,""
6,Brasil,4001_6000,pes_rural,25981,""
6,Brasil,6001_mais,pes_rural,42773,""
6,Brasil,outra_condicao,pes_rural,11724388,resolvida pela aritmetica; OCR ilegivel ou incoerente
6,Brasil,sem_declaracao,pes_rural,98418,""
6,Nordeste,TOTAIS,dom_total,2939680,""
6,Nordeste,proprios,dom_total,1898295,""
6,Nordeste,alugados,dom_total,454813,""
6,Nordeste,ate_500,dom_total,293218,""
6,Nordeste,501_1000,dom_total,72941,""
6,Nordeste,1001_2000,dom_total,35961,""
6,Nordeste,2001_4000,dom_total,28045,""
6,Nordeste,4001_6000,dom_total,9322,""
6,Nordeste,6001_mais,dom_total,15326,""
6,Nordeste,outra_condicao,dom_total,584755,""
6,Nordeste,sem_declaracao,dom_total,1817,""
6,Nordeste,TOTAIS,pes_total,15487783,""
6,Nordeste,proprios,pes_total,10236524,""
6,Nordeste,alugados,pes_total,2246577,""
6,Nordeste,ate_500,pes_total,1356071,""
6,Nordeste,501_1000,pes_total,372206,""
6,Nordeste,1001_2000,pes_total,203011,""
6,Nordeste,2001_4000,pes_total,172615,""
6,Nordeste,4001_6000,pes_total,62647,""
6,Nordeste,6001_mais,pes_total,80027,""
6,Nordeste,outra_condicao,pes_total,2994412,""
6,Nordeste,sem_declaracao,pes_total,10270,""
6,Nordeste,TOTAIS,dom_urbana,1058216,""
6,Nordeste,proprios,dom_urbana,590687,""
6,Nordeste,alugados,dom_urbana,398723,""
6,Nordeste,ate_500,dom_urbana,241552,""
6,Nordeste,501_1000,dom_urbana,70413,""
6,Nordeste,1001_2000,dom_urbana,35250,""
6,Nordeste,2001_4000,dom_urbana,27334,""
6,Nordeste,4001_6000,dom_urbana,9322,""
6,Nordeste,6001_mais,dom_urbana,14852,""
6,Nordeste,outra_condicao,dom_urbana,67226,""
6,Nordeste,sem_declaracao,dom_urbana,1580,""
6,Nordeste,TOTAIS,pes_urbana,5383525,""
6,Nordeste,proprios,pes_urbana,3126840,""
6,Nordeste,alugados,pes_urbana,1947167,""
6,Nordeste,ate_500,pes_urbana,1080519,""
6,Nordeste,501_1000,pes_urbana,359803,""
6,Nordeste,1001_2000,pes_urbana,198429,""
6,Nordeste,2001_4000,pes_urbana,167954,""
6,Nordeste,4001_6000,pes_urbana,62647,""
6,Nordeste,6001_mais,pes_urbana,77815,""
6,Nordeste,outra_condicao,pes_urbana,300907,""
6,Nordeste,sem_declaracao,pes_urbana,8611,""
6,Nordeste,TOTAIS,dom_rural,1881464,""
6,Nordeste,proprios,dom_rural,1307608,""
6,Nordeste,alugados,dom_rural,56090,""
6,Nordeste,ate_500,dom_rural,51666,""
6,Nordeste,501_1000,dom_rural,2528,""
6,Nordeste,1001_2000,dom_rural,711,""
6,Nordeste,2001_4000,dom_rural,711,""
6,Nordeste,4001_6000,dom_rural,0,""
6,Nordeste,6001_mais,dom_rural,474,""
6,Nordeste,outra_condicao,dom_rural,517529,""
6,Nordeste,sem_declaracao,dom_rural,237,""
6,Nordeste,TOTAIS,pes_rural,10104258,""
6,Nordeste,proprios,pes_rural,7109684,""
6,Nordeste,alugados,pes_rural,299410,""
6,Nordeste,ate_500,pes_rural,275552,""
6,Nordeste,501_1000,pes_rural,12403,""
6,Nordeste,1001_2000,pes_rural,4582,""
6,Nordeste,2001_4000,pes_rural,4661,""
6,Nordeste,4001_6000,pes_rural,0,""
6,Nordeste,6001_mais,pes_rural,2212,""
6,Nordeste,outra_condicao,pes_rural,2693505,""
6,Nordeste,sem_declaracao,pes_rural,1659,""
6,Leste,TOTAIS,dom_total,4707164,""
6,Leste,proprios,dom_total,2559634,""
6,Leste,alugados,dom_total,1156463,""
6,Leste,ate_500,dom_total,360360,""
6,Leste,501_1000,dom_total,205051,""
6,Leste,1001_2000,dom_total,190960,""
6,Leste,2001_4000,dom_total,189266,""
6,Leste,4001_6000,dom_total,103642,""
6,Leste,6001_mais,dom_total,107184,""
6,Leste,outra_condicao,dom_total,979902,""
6,Leste,sem_declaracao,dom_total,11165,""
6,Leste,TOTAIS,pes_total,24056879,""
6,Leste,proprios,pes_total,13773837,""
6,Leste,alugados,pes_total,5273422,""
6,Leste,ate_500,pes_total,1660043,""
6,Leste,501_1000,pes_total,941248,""
6,Leste,1001_2000,pes_total,885577,""
6,Leste,2001_4000,pes_total,857857,""
6,Leste,4001_6000,pes_total,460845,""
6,Leste,6001_mais,pes_total,467852,""
6,Leste,outra_condicao,pes_total,4955720,""
6,Leste,sem_declaracao,pes_total,53900,""
6,Leste,TOTAIS,dom_urbana,2411178,""
6,Leste,proprios,dom_urbana,1197504,""
6,Leste,alugados,dom_urbana,1060059,""
6,Leste,ate_500,dom_urbana,293601,""
6,Leste,501_1000,dom_urbana,188496,""
6,Leste,1001_2000,dom_urbana,182952,""
6,Leste,2001_4000,dom_urbana,186417,""
6,Leste,4001_6000,dom_urbana,102564,""
6,Leste,6001_mais,dom_urbana,106029,""
6,Leste,outra_condicao,dom_urbana,143836,""
6,Leste,sem_declaracao,dom_urbana,9779,""
6,Leste,TOTAIS,pes_urbana,11614603,""
6,Leste,proprios,pes_urbana,6153840,""
6,Leste,alugados,pes_urbana,4787167,resolvida pela aritmetica; OCR ilegivel ou incoerente
6,Leste,ate_500,pes_urbana,1325016,""
6,Leste,501_1000,pes_urbana,856856,""
6,Leste,1001_2000,pes_urbana,843920,""
6,Leste,2001_4000,pes_urbana,844074,resolvida pela aritmetica; OCR ilegivel ou incoerente
6,Leste,4001_6000,pes_urbana,455378,""
6,Leste,6001_mais,pes_urbana,461923,""
6,Leste,outra_condicao,pes_urbana,629305,resolvida pela aritmetica; OCR ilegivel ou incoerente
6,Leste,sem_declaracao,pes_urbana,44291,resolvida pela aritmetica; OCR ilegivel ou incoerente
6,Leste,TOTAIS,dom_rural,2295986,""
6,Leste,proprios,dom_rural,1362130,""
6,Leste,alugados,dom_rural,96404,""
6,Leste,ate_500,dom_rural,66759,""
6,Leste,501_1000,dom_rural,16555,""
6,Leste,1001_2000,dom_rural,8008,""
6,Leste,2001_4000,dom_rural,2849,""
6,Leste,4001_6000,dom_rural,1078,""
6,Leste,6001_mais,dom_rural,1155,""
6,Leste,outra_condicao,dom_rural,836066,""
6,Leste,sem_declaracao,dom_rural,1386,""
6,Leste,TOTAIS,pes_rural,12442276,""
6,Leste,proprios,pes_rural,7619997,""
6,Leste,alugados,pes_rural,486255,""
6,Leste,ate_500,pes_rural,335027,""
6,Leste,501_1000,pes_rural,84392,""
6,Leste,1001_2000,pes_rural,41657,""
6,Leste,2001_4000,pes_rural,13783,""
6,Leste,4001_6000,pes_rural,5467,""
6,Leste,6001_mais,pes_rural,5929,""
6,Leste,outra_condicao,pes_rural,4326415,resolvida pela aritmetica; OCR ilegivel ou incoerente
6,Leste,sem_declaracao,pes_rural,9609,""
6,Sul,TOTAIS,dom_total,4845984,""
6,Sul,proprios,dom_total,2526966,""
6,Sul,alugados,dom_total,1301118,""
6,Sul,ate_500,dom_total,211380,""
6,Sul,501_1000,dom_total,259974,""
6,Sul,1001_2000,dom_total,319644,""
6,Sul,2001_4000,dom_total,303654,""
6,Sul,4001_6000,dom_total,119808,""
6,Sul,6001_mais,dom_total,86658,""
6,Sul,outra_condicao,dom_total,965250,""
6,Sul,sem_declaracao,dom_total,52650,""
6,Sul,TOTAIS,pes_total,24093654,""
6,Sul,proprios,pes_total,13044954,""
6,Sul,alugados,pes_total,5869578,""
6,Sul,ate_500,pes_total,954096,""
6,Sul,501_1000,pes_total,1166958,""
6,Sul,1001_2000,pes_total,1439958,""
6,Sul,2001_4000,pes_total,1374048,""
6,Sul,4001_6000,pes_total,546468,""
6,Sul,6001_mais,pes_total,388050,""
6,Sul,outra_condicao,pes_total,4932408,""
6,Sul,sem_declaracao,pes_total,246714,""
6,Sul,TOTAIS,dom_urbana,2681328,""
6,Sul,proprios,dom_urbana,1324050,""
6,Sul,alugados,dom_urbana,1168674,""
6,Sul,ate_500,dom_urbana,158496,""
6,Sul,501_1000,dom_urbana,230880,""
6,Sul,1001_2000,dom_urbana,294450,""
6,Sul,2001_4000,dom_urbana,289224,""
6,Sul,4001_6000,dom_urbana,115830,""
6,Sul,6001_mais,dom_urbana,79794,""
6,Sul,outra_condicao,dom_urbana,151476,""
6,Sul,sem_declaracao,dom_urbana,37128,""
6,Sul,TOTAIS,pes_urbana,12398724,""
6,Sul,proprios,pes_urbana,6336018,""
6,Sul,alugados,pes_urbana,5234580,""
6,Sul,ate_500,pes_urbana,692406,""
6,Sul,501_1000,pes_urbana,1027728,""
6,Sul,1001_2000,pes_urbana,1323738,""
6,Sul,2001_4000,pes_urbana,1308450,""
6,Sul,4001_6000,pes_urbana,527046,""
6,Sul,6001_mais,pes_urbana,355212,""
6,Sul,outra_condicao,pes_urbana,663312,""
6,Sul,sem_declaracao,pes_urbana,164814,""
6,Sul,TOTAIS,dom_rural,2164656,""
6,Sul,proprios,dom_rural,1202916,""
6,Sul,alugados,dom_rural,132444,""
6,Sul,ate_500,dom_rural,52884,""
6,Sul,501_1000,dom_rural,29094,""
6,Sul,1001_2000,dom_rural,25194,""
6,Sul,2001_4000,dom_rural,14430,""
6,Sul,4001_6000,dom_rural,3978,""
6,Sul,6001_mais,dom_rural,6864,""
6,Sul,outra_condicao,dom_rural,813774,""
6,Sul,sem_declaracao,dom_rural,15522,""
6,Sul,TOTAIS,pes_rural,11694930,""
6,Sul,proprios,pes_rural,6708936,""
6,Sul,alugados,pes_rural,634998,""
6,Sul,ate_500,pes_rural,261690,""
6,Sul,501_1000,pes_rural,139230,""
6,Sul,1001_2000,pes_rural,116220,""
6,Sul,2001_4000,pes_rural,65598,""
6,Sul,4001_6000,pes_rural,19422,""
6,Sul,6001_mais,pes_rural,32838,""
6,Sul,outra_condicao,pes_rural,4269096,""
6,Sul,sem_declaracao,pes_rural,81900,""
1,Norte e Centro-Oeste,TOTAIS,total,5489328,"Brasil menos Nordeste, Leste e Sul"
1,Norte e Centro-Oeste,0 a 4,total,954180,"Brasil menos Nordeste, Leste e Sul"
1,Norte e Centro-Oeste,5 a 9,total,857356,"Brasil menos Nordeste, Leste e Sul"
1,Norte e Centro-Oeste,10 a 14,total,702620,"Brasil menos Nordeste, Leste e Sul"
1,Norte e Centro-Oeste,15 a 19,total,582844,"Brasil menos Nordeste, Leste e Sul"
1,Norte e Centro-Oeste,20 a 24,total,486780,"Brasil menos Nordeste, Leste e Sul"
1,Norte e Centro-Oeste,25 a 29,total,402724,"Brasil menos Nordeste, Leste e Sul"
1,Norte e Centro-Oeste,30 a 39,total,627000,"Brasil menos Nordeste, Leste e Sul"
1,Norte e Centro-Oeste,40 a 49,total,430996,"Brasil menos Nordeste, Leste e Sul"
1,Norte e Centro-Oeste,50 a 59,total,244340,"Brasil menos Nordeste, Leste e Sul"
1,Norte e Centro-Oeste,60 a 69,total,134216,"Brasil menos Nordeste, Leste e Sul"
1,Norte e Centro-Oeste,70 e mais e ignorada,total,66272,"Brasil menos Nordeste, Leste e Sul"
1,Norte e Centro-Oeste,TOTAIS,homens,2808200,"Brasil menos Nordeste, Leste e Sul"
1,Norte e Centro-Oeste,0 a 4,homens,479864,"Brasil menos Nordeste, Leste e Sul"
1,Norte e Centro-Oeste,5 a 9,homens,437456,"Brasil menos Nordeste, Leste e Sul"
1,Norte e Centro-Oeste,10 a 14,homens,352564,"Brasil menos Nordeste, Leste e Sul"
1,Norte e Centro-Oeste,15 a 19,homens,289636,"Brasil menos Nordeste, Leste e Sul"
1,Norte e Centro-Oeste,20 a 24,homens,248064,"Brasil menos Nordeste, Leste e Sul"
1,Norte e Centro-Oeste,25 a 29,homens,207328,"Brasil menos Nordeste, Leste e Sul"
1,Norte e Centro-Oeste,30 a 39,homens,327712,"Brasil menos Nordeste, Leste e Sul"
1,Norte e Centro-Oeste,40 a 49,homens,228304,"Brasil menos Nordeste, Leste e Sul"
1,Norte e Centro-Oeste,50 a 59,homens,132392,"Brasil menos Nordeste, Leste e Sul"
1,Norte e Centro-Oeste,60 a 69,homens,72352,"Brasil menos Nordeste, Leste e Sul"
1,Norte e Centro-Oeste,70 e mais e ignorada,homens,32528,"Brasil menos Nordeste, Leste e Sul"
1,Norte e Centro-Oeste,TOTAIS,mulheres,2681128,"Brasil menos Nordeste, Leste e Sul"
1,Norte e Centro-Oeste,0 a 4,mulheres,474316,"Brasil menos Nordeste, Leste e Sul"
1,Norte e Centro-Oeste,5 a 9,mulheres,419900,"Brasil menos Nordeste, Leste e Sul"
1,Norte e Centro-Oeste,10 a 14,mulheres,350056,"Brasil menos Nordeste, Leste e Sul"
1,Norte e Centro-Oeste,15 a 19,mulheres,293208,"Brasil menos Nordeste, Leste e Sul"
1,Norte e Centro-Oeste,20 a 24,mulheres,238716,"Brasil menos Nordeste, Leste e Sul"
1,Norte e Centro-Oeste,25 a 29,mulheres,195396,"Brasil menos Nordeste, Leste e Sul"
1,Norte e Centro-Oeste,30 a 39,mulheres,299288,"Brasil menos Nordeste, Leste e Sul"
1,Norte e Centro-Oeste,40 a 49,mulheres,202692,"Brasil menos Nordeste, Leste e Sul"
1,Norte e Centro-Oeste,50 a 59,mulheres,111948,"Brasil menos Nordeste, Leste e Sul"
1,Norte e Centro-Oeste,60 a 69,mulheres,61864,"Brasil menos Nordeste, Leste e Sul"
1,Norte e Centro-Oeste,70 e mais e ignorada,mulheres,33744,"Brasil menos Nordeste, Leste e Sul"
1,Norte e Centro-Oeste,TOTAIS,urbana,2242836,"Brasil menos Nordeste, Leste e Sul"
1,Norte e Centro-Oeste,0 a 4,urbana,368144,"Brasil menos Nordeste, Leste e Sul"
1,Norte e Centro-Oeste,5 a 9,urbana,331132,"Brasil menos Nordeste, Leste e Sul"
1,Norte e Centro-Oeste,10 a 14,urbana,282492,"Brasil menos Nordeste, Leste e Sul"
1,Norte e Centro-Oeste,15 a 19,urbana,240540,"Brasil menos Nordeste, Leste e Sul"
1,Norte e Centro-Oeste,20 a 24,urbana,207708,"Brasil menos Nordeste, Leste e Sul"
1,Norte e Centro-Oeste,25 a 29,urbana,167428,"Brasil menos Nordeste, Leste e Sul"
1,Norte e Centro-Oeste,30 a 39,urbana,266988,"Brasil menos Nordeste, Leste e Sul"
1,Norte e Centro-Oeste,40 a 49,urbana,178676,"Brasil menos Nordeste, Leste e Sul"
1,Norte e Centro-Oeste,50 a 59,urbana,104652,"Brasil menos Nordeste, Leste e Sul"
1,Norte e Centro-Oeste,60 a 69,urbana,62016,"Brasil menos Nordeste, Leste e Sul"
1,Norte e Centro-Oeste,70 e mais e ignorada,urbana,33060,"Brasil menos Nordeste, Leste e Sul"
1,Norte e Centro-Oeste,TOTAIS,urbana_homens,1096604,"Brasil menos Nordeste, Leste e Sul"
1,Norte e Centro-Oeste,0 a 4,urbana_homens,180120,"Brasil menos Nordeste, Leste e Sul"
1,Norte e Centro-Oeste,5 a 9,urbana_homens,167884,"Brasil menos Nordeste, Leste e Sul"
1,Norte e Centro-Oeste,10 a 14,urbana_homens,135964,"Brasil menos Nordeste, Leste e Sul"
1,Norte e Centro-Oeste,15 a 19,urbana_homens,110656,"Brasil menos Nordeste, Leste e Sul"
1,Norte e Centro-Oeste,20 a 24,urbana_homens,100396,"Brasil menos Nordeste, Leste e Sul"
1,Norte e Centro-Oeste,25 a 29,urbana_homens,80940,"Brasil menos Nordeste, Leste e Sul"
1,Norte e Centro-Oeste,30 a 39,urbana_homens,133076,"Brasil menos Nordeste, Leste e Sul"
1,Norte e Centro-Oeste,40 a 49,urbana_homens,90440,"Brasil menos Nordeste, Leste e Sul"
1,Norte e Centro-Oeste,50 a 59,urbana_homens,52440,"Brasil menos Nordeste, Leste e Sul"
1,Norte e Centro-Oeste,60 a 69,urbana_homens,29564,"Brasil menos Nordeste, Leste e Sul"
1,Norte e Centro-Oeste,70 e mais e ignorada,urbana_homens,15124,"Brasil menos Nordeste, Leste e Sul"
1,Norte e Centro-Oeste,TOTAIS,urbana_mulheres,1146232,"Brasil menos Nordeste, Leste e Sul"
1,Norte e Centro-Oeste,0 a 4,urbana_mulheres,188024,"Brasil menos Nordeste, Leste e Sul"
1,Norte e Centro-Oeste,5 a 9,urbana_mulheres,163248,"Brasil menos Nordeste, Leste e Sul"
1,Norte e Centro-Oeste,10 a 14,urbana_mulheres,146528,"Brasil menos Nordeste, Leste e Sul"
1,Norte e Centro-Oeste,15 a 19,urbana_mulheres,129884,"Brasil menos Nordeste, Leste e Sul"
1,Norte e Centro-Oeste,20 a 24,urbana_mulheres,107312,"Brasil menos Nordeste, Leste e Sul"
1,Norte e Centro-Oeste,25 a 29,urbana_mulheres,86488,"Brasil menos Nordeste, Leste e Sul"
1,Norte e Centro-Oeste,30 a 39,urbana_mulheres,133912,"Brasil menos Nordeste, Leste e Sul"
1,Norte e Centro-Oeste,40 a 49,urbana_mulheres,88236,"Brasil menos Nordeste, Leste e Sul"
1,Norte e Centro-Oeste,50 a 59,urbana_mulheres,52212,"Brasil menos Nordeste, Leste e Sul"
1,Norte e Centro-Oeste,60 a 69,urbana_mulheres,32452,"Brasil menos Nordeste, Leste e Sul"
1,Norte e Centro-Oeste,70 e mais e ignorada,urbana_mulheres,17936,"Brasil menos Nordeste, Leste e Sul"
1,Norte e Centro-Oeste,TOTAIS,rural,3246492,"Brasil menos Nordeste, Leste e Sul"
1,Norte e Centro-Oeste,0 a 4,rural,586036,"Brasil menos Nordeste, Leste e Sul"
1,Norte e Centro-Oeste,5 a 9,rural,526224,"Brasil menos Nordeste, Leste e Sul"
1,Norte e Centro-Oeste,10 a 14,rural,420128,"Brasil menos Nordeste, Leste e Sul"
1,Norte e Centro-Oeste,15 a 19,rural,342304,"Brasil menos Nordeste, Leste e Sul"
1,Norte e Centro-Oeste,20 a 24,rural,279072,"Brasil menos Nordeste, Leste e Sul"
1,Norte e Centro-Oeste,25 a 29,rural,235296,"Brasil menos Nordeste, Leste e Sul"
1,Norte e Centro-Oeste,30 a 39,rural,360012,"Brasil menos Nordeste, Leste e Sul"
1,Norte e Centro-Oeste,40 a 49,rural,252320,"Brasil menos Nordeste, Leste e Sul"
1,Norte e Centro-Oeste,50 a 59,rural,139688,"Brasil menos Nordeste, Leste e Sul"
1,Norte e Centro-Oeste,60 a 69,rural,72200,"Brasil menos Nordeste, Leste e Sul"
1,Norte e Centro-Oeste,70 e mais e ignorada,rural,33212,"Brasil menos Nordeste, Leste e Sul"
1,Norte e Centro-Oeste,TOTAIS,rural_homens,1711596,"Brasil menos Nordeste, Leste e Sul"
1,Norte e Centro-Oeste,0 a 4,rural_homens,299744,"Brasil menos Nordeste, Leste e Sul"
1,Norte e Centro-Oeste,5 a 9,rural_homens,269572,"Brasil menos Nordeste, Leste e Sul"
1,Norte e Centro-Oeste,10 a 14,rural_homens,216600,"Brasil menos Nordeste, Leste e Sul"
1,Norte e Centro-Oeste,15 a 19,rural_homens,178980,"Brasil menos Nordeste, Leste e Sul"
1,Norte e Centro-Oeste,20 a 24,rural_homens,147668,"Brasil menos Nordeste, Leste e Sul"
1,Norte e Centro-Oeste,25 a 29,rural_homens,126388,"Brasil menos Nordeste, Leste e Sul"
1,Norte e Centro-Oeste,30 a 39,rural_homens,194636,"Brasil menos Nordeste, Leste e Sul"
1,Norte e Centro-Oeste,40 a 49,rural_homens,137864,"Brasil menos Nordeste, Leste e Sul"
1,Norte e Centro-Oeste,50 a 59,rural_homens,79952,"Brasil menos Nordeste, Leste e Sul"
1,Norte e Centro-Oeste,60 a 69,rural_homens,42788,"Brasil menos Nordeste, Leste e Sul"
1,Norte e Centro-Oeste,70 e mais e ignorada,rural_homens,17404,"Brasil menos Nordeste, Leste e Sul"
1,Norte e Centro-Oeste,TOTAIS,rural_mulheres,1534896,"Brasil menos Nordeste, Leste e Sul"
1,Norte e Centro-Oeste,0 a 4,rural_mulheres,286292,"Brasil menos Nordeste, Leste e Sul"
1,Norte e Centro-Oeste,5 a 9,rural_mulheres,256652,"Brasil menos Nordeste, Leste e Sul"
1,Norte e Centro-Oeste,10 a 14,rural_mulheres,203528,"Brasil menos Nordeste, Leste e Sul"
1,Norte e Centro-Oeste,15 a 19,rural_mulheres,163324,"Brasil menos Nordeste, Leste e Sul"
1,Norte e Centro-Oeste,20 a 24,rural_mulheres,131404,"Brasil menos Nordeste, Leste e Sul"
1,Norte e Centro-Oeste,25 a 29,rural_mulheres,108908,"Brasil menos Nordeste, Leste e Sul"
1,Norte e Centro-Oeste,30 a 39,rural_mulheres,165376,"Brasil menos Nordeste, Leste e Sul"
1,Norte e Centro-Oeste,40 a 49,rural_mulheres,114456,"Brasil menos Nordeste, Leste e Sul"
1,Norte e Centro-Oeste,50 a 59,rural_mulheres,59736,"Brasil menos Nordeste, Leste e Sul"
1,Norte e Centro-Oeste,60 a 69,rural_mulheres,29412,"Brasil menos Nordeste, Leste e Sul"
1,Norte e Centro-Oeste,70 e mais e ignorada,rural_mulheres,15808,"Brasil menos Nordeste, Leste e Sul"
6,Norte e Centro-Oeste,TOTAIS,dom_total,982644,"Brasil menos Nordeste, Leste e Sul"
6,Norte e Centro-Oeste,proprios,dom_total,754182,"Brasil menos Nordeste, Leste e Sul"
6,Norte e Centro-Oeste,alugados,dom_total,114816,"Brasil menos Nordeste, Leste e Sul"
6,Norte e Centro-Oeste,ate_500,dom_total,28938,"Brasil menos Nordeste, Leste e Sul"
6,Norte e Centro-Oeste,501_1000,dom_total,29094,"Brasil menos Nordeste, Leste e Sul"
6,Norte e Centro-Oeste,1001_2000,dom_total,22230,"Brasil menos Nordeste, Leste e Sul"
6,Norte e Centro-Oeste,2001_4000,dom_total,18642,"Brasil menos Nordeste, Leste e Sul"
6,Norte e Centro-Oeste,4001_6000,dom_total,7332,"Brasil menos Nordeste, Leste e Sul"
6,Norte e Centro-Oeste,6001_mais,dom_total,8580,"Brasil menos Nordeste, Leste e Sul"
6,Norte e Centro-Oeste,outra_condicao,dom_total,111930,"Brasil menos Nordeste, Leste e Sul"
6,Norte e Centro-Oeste,sem_declaracao,dom_total,1716,"Brasil menos Nordeste, Leste e Sul"
6,Norte e Centro-Oeste,TOTAIS,pes_total,5530122,"Brasil menos Nordeste, Leste e Sul"
6,Norte e Centro-Oeste,proprios,pes_total,4387110,"Brasil menos Nordeste, Leste e Sul"
6,Norte e Centro-Oeste,alugados,pes_total,581880,"Brasil menos Nordeste, Leste e Sul"
6,Norte e Centro-Oeste,ate_500,pes_total,133692,"Brasil menos Nordeste, Leste e Sul"
6,Norte e Centro-Oeste,501_1000,pes_total,143286,"Brasil menos Nordeste, Leste e Sul"
6,Norte e Centro-Oeste,1001_2000,pes_total,117234,"Brasil menos Nordeste, Leste e Sul"
6,Norte e Centro-Oeste,2001_4000,pes_total,102336,"Brasil menos Nordeste, Leste e Sul"
6,Norte e Centro-Oeste,4001_6000,pes_total,42120,"Brasil menos Nordeste, Leste e Sul"
6,Norte e Centro-Oeste,6001_mais,pes_total,43212,"Brasil menos Nordeste, Leste e Sul"
6,Norte e Centro-Oeste,outra_condicao,pes_total,549822,"Brasil menos Nordeste, Leste e Sul"
6,Norte e Centro-Oeste,sem_declaracao,pes_total,11310,"Brasil menos Nordeste, Leste e Sul"
6,Norte e Centro-Oeste,TOTAIS,dom_urbana,400062,"Brasil menos Nordeste, Leste e Sul"
6,Norte e Centro-Oeste,proprios,dom_urbana,268320,"Brasil menos Nordeste, Leste e Sul"
6,Norte e Centro-Oeste,alugados,dom_urbana,105924,"Brasil menos Nordeste, Leste e Sul"
6,Norte e Centro-Oeste,ate_500,dom_urbana,23712,"Brasil menos Nordeste, Leste e Sul"
6,Norte e Centro-Oeste,501_1000,dom_urbana,26910,"Brasil menos Nordeste, Leste e Sul"
6,Norte e Centro-Oeste,1001_2000,dom_urbana,21684,"Brasil menos Nordeste, Leste e Sul"
6,Norte e Centro-Oeste,2001_4000,dom_urbana,18252,"Brasil menos Nordeste, Leste e Sul"
6,Norte e Centro-Oeste,4001_6000,dom_urbana,7176,"Brasil menos Nordeste, Leste e Sul"
6,Norte e Centro-Oeste,6001_mais,dom_urbana,8190,"Brasil menos Nordeste, Leste e Sul"
6,Norte e Centro-Oeste,outra_condicao,dom_urbana,24804,"Brasil menos Nordeste, Leste e Sul"
6,Norte e Centro-Oeste,sem_declaracao,dom_urbana,1014,"Brasil menos Nordeste, Leste e Sul"
6,Norte e Centro-Oeste,TOTAIS,pes_urbana,2196402,"Brasil menos Nordeste, Leste e Sul"
6,Norte e Centro-Oeste,proprios,pes_urbana,1535118,"Brasil menos Nordeste, Leste e Sul"
6,Norte e Centro-Oeste,alugados,pes_urbana,540774,"Brasil menos Nordeste, Leste e Sul"
6,Norte e Centro-Oeste,ate_500,pes_urbana,109434,"Brasil menos Nordeste, Leste e Sul"
6,Norte e Centro-Oeste,501_1000,pes_urbana,132912,"Brasil menos Nordeste, Leste e Sul"
6,Norte e Centro-Oeste,1001_2000,pes_urbana,114816,"Brasil menos Nordeste, Leste e Sul"
6,Norte e Centro-Oeste,2001_4000,pes_urbana,101166,"Brasil menos Nordeste, Leste e Sul"
6,Norte e Centro-Oeste,4001_6000,pes_urbana,41028,"Brasil menos Nordeste, Leste e Sul"
6,Norte e Centro-Oeste,6001_mais,pes_urbana,41418,"Brasil menos Nordeste, Leste e Sul"
6,Norte e Centro-Oeste,outra_condicao,pes_urbana,114450,"Brasil menos Nordeste, Leste e Sul"
6,Norte e Centro-Oeste,sem_declaracao,pes_urbana,6060,"Brasil menos Nordeste, Leste e Sul"
6,Norte e Centro-Oeste,TOTAIS,dom_rural,582582,"Brasil menos Nordeste, Leste e Sul"
6,Norte e Centro-Oeste,proprios,dom_rural,485862,"Brasil menos Nordeste, Leste e Sul"
6,Norte e Centro-Oeste,alugados,dom_rural,8892,"Brasil menos Nordeste, Leste e Sul"
6,Norte e Centro-Oeste,ate_500,dom_rural,5226,"Brasil menos Nordeste, Leste e Sul"
6,Norte e Centro-Oeste,501_1000,dom_rural,2184,"Brasil menos Nordeste, Leste e Sul"
6,Norte e Centro-Oeste,1001_2000,dom_rural,546,"Brasil menos Nordeste, Leste e Sul"
6,Norte e Centro-Oeste,2001_4000,dom_rural,390,"Brasil menos Nordeste, Leste e Sul"
6,Norte e Centro-Oeste,4001_6000,dom_rural,156,"Brasil menos Nordeste, Leste e Sul"
6,Norte e Centro-Oeste,6001_mais,dom_rural,390,"Brasil menos Nordeste, Leste e Sul"
6,Norte e Centro-Oeste,outra_condicao,dom_rural,87126,"Brasil menos Nordeste, Leste e Sul"
6,Norte e Centro-Oeste,sem_declaracao,dom_rural,702,"Brasil menos Nordeste, Leste e Sul"
6,Norte e Centro-Oeste,TOTAIS,pes_rural,3333720,"Brasil menos Nordeste, Leste e Sul"
6,Norte e Centro-Oeste,proprios,pes_rural,2851992,"Brasil menos Nordeste, Leste e Sul"
6,Norte e Centro-Oeste,alugados,pes_rural,41106,"Brasil menos Nordeste, Leste e Sul"
6,Norte e Centro-Oeste,ate_500,pes_rural,24258,"Brasil menos Nordeste, Leste e Sul"
6,Norte e Centro-Oeste,501_1000,pes_rural,10374,"Brasil menos Nordeste, Leste e Sul"
6,Norte e Centro-Oeste,1001_2000,pes_rural,2418,"Brasil menos Nordeste, Leste e Sul"
6,Norte e Centro-Oeste,2001_4000,pes_rural,1170,"Brasil menos Nordeste, Leste e Sul"
6,Norte e Centro-Oeste,4001_6000,pes_rural,1092,"Brasil menos Nordeste, Leste e Sul"
6,Norte e Centro-Oeste,6001_mais,pes_rural,1794,"Brasil menos Nordeste, Leste e Sul"
6,Norte e Centro-Oeste,outra_condicao,pes_rural,435372,"Brasil menos Nordeste, Leste e Sul"
6,Norte e Centro-Oeste,sem_declaracao,pes_rural,5250,"Brasil menos Nordeste, Leste e Sul"
