uf60,code_muni_1960,name_muni_1960,ordem,name_district_1960,pop_total,pop_urbana,pop_rural,domicilios,pagina,nota
52,5210,Campos,0,Campos (município),292292,131974,160318,51366,7,""
52,5210,Campos,1,Campos,99557,90601,8956,17361,7,""
52,5210,Campos,2,Cardoso Moreira,10459,3595,6864,2001,7,""
52,5210,Campos,3,Dores de Macabu,6867,709,6158,1244,7,""
52,5210,Campos,4,Goitacazes,15189,2214,12975,2611,7,""
52,5210,Campos,5,Guarus,32122,21492,10630,5845,7,""
52,5210,Campos,6,Ibitioca,6128,313,5815,1025,7,""
52,5210,Campos,7,Italva,22951,3191,19760,3716,7,""
52,5210,Campos,8,Morangaba,5950,632,5318,1039,7,""
52,5210,Campos,9,Morro do Côco,8164,530,7634,1187,7,""
52,5210,Campos,10,Mussurepe,5485,330,5155,977,7,""
52,5210,Campos,11,Paciência,1507,90,1417,291,7,""
52,5210,Campos,12,Santo Amaro de Campos,8170,328,7842,1423,7,""
52,5210,Campos,13,Santo Eduardo,18276,1565,16711,3263,7,""
52,5210,Campos,14,São Joaquim,12017,420,11597,2118,7,criado depois de 1950
52,5210,Campos,15,São Sebastião de Campos,9371,780,8591,1657,7,ex-Barão de São José
52,5210,Campos,16,Tocos,9692,3453,6239,1718,7,criado depois de 1950
52,5210,Campos,17,Travessão,15317,1006,14311,2898,7,""
52,5210,Campos,18,Vila Nova,5070,725,4345,992,7,criado depois de 1950
52,5306,Rio Bonito,0,Rio Bonito (município),27694,12642,15052,5311,10,""
52,5306,Rio Bonito,1,Rio Bonito,22179,11916,10263,4244,10,""
52,5306,Rio Bonito,2,Boa Esperança,5515,726,4789,1067,10,ex-Imbiara
19,2012,Cajazeiras,0,Cajazeiras (município),39104,17055,22049,7959,17,""
19,2012,Cajazeiras,1,Cajazeiras,29318,15884,13434,6267,17,""
19,2012,Cajazeiras,2,Cachoeira dos Índios,6008,477,5531,1076,17,""
19,2012,Cajazeiras,3,Engenheiro Ávidos,3778,694,3084,616,17,""
17,1741,Caicó,0,Caicó (município),27447,16233,11214,4695,12,""
17,1741,Caicó,1,Caicó,25633,15826,9807,4393,12,""
17,1741,Caicó,2,Timbaúba dos Batistas,1814,407,1407,302,12,criado depois de 1950
17,1725,Goianinha,0,Goianinha (município),13622,3232,10390,2515,8,""
17,1725,Goianinha,1,Goianinha,9671,2716,6955,1729,8,""
17,1725,Goianinha,2,Tibau do Sul,3951,516,3435,786,8,criado depois de 1950
60,6341,Itaporanga,0,Itaporanga (município),18127,2780,15347,3526,28,""
60,6341,Itaporanga,1,Itaporanga,10409,1916,8493,2120,28,""
60,6341,Itaporanga,2,Barão de Antonina,3382,274,3108,606,28,""
60,6341,Itaporanga,3,Coronel Macedo,4336,590,3746,800,28,""
81,8553,Pedro Osório,0,Pedro Osório (município),16582,6913,9669,3433,16,""
81,8553,Pedro Osório,1,Pedro Osório,10512,6796,3716,2145,16,""
81,8553,Pedro Osório,2,Freire,6070,117,5953,1288,16,""
81,8405,Dois Irmãos,0,Dois Irmãos (município),11719,2524,9195,2054,27,""
81,8405,Dois Irmãos,1,Dois Irmãos,6621,2105,4516,1184,27,""
81,8405,Dois Irmãos,2,Santa Maria do Erval,5098,419,4679,870,27,""
91,9162,Nossa Senhora do Livramento,0,Nossa Senhora do Livramento (município),14186,1141,13045,2190,15,""
91,9162,Nossa Senhora do Livramento,1,Nossa Senhora do Livramento,12486,980,11506,1916,15,""
91,9162,Nossa Senhora do Livramento,2,Pirizal,1700,161,1539,274,15,""
40,4096,Itutinga,0,Itutinga (município),4318,1042,3276,790,47,""
40,4096,Itutinga,1,Itutinga,4318,1042,3276,790,47,distrito único
74,7545,Rodeio,0,Rodeio (município),16805,2971,13834,2893,10,""
74,7545,Rodeio,1,Rodeio,7225,1827,5398,1142,10,""
74,7545,Rodeio,2,Benedito Novo,5775,816,4959,1116,10,""
74,7545,Rodeio,3,Doutor Pedrinho,3805,328,3477,635,10,""
74,7546,Taió,0,Taió (município),23891,1933,21958,3809,10,""
74,7546,Taió,1,Taió,15218,1478,13740,2514,10,""
74,7546,Taió,2,Ribeirão Grande,3937,290,3647,572,10,criado depois de 1950
74,7546,Taió,3,Rio do Campo,4736,165,4571,723,10,criado depois de 1950
74,7451,Canoinhas,0,Canoinhas (município),39232,12372,26860,7384,15,""
74,7451,Canoinhas,1,Canoinhas,20548,9252,11296,3917,15,""
74,7451,Canoinhas,2,Felipe Schmidt,3282,469,2813,630,15,criado depois de 1950
74,7451,Canoinhas,3,Major Vieira,9690,548,9142,1724,15,""
74,7451,Canoinhas,4,Paula Pereira,1598,474,1124,325,15,""
74,7451,Canoinhas,5,Três Barras,4114,1629,2485,788,15,""
19,2028,Ingá,0,Ingá (município),27877,10966,16911,4869,9,""
19,2028,Ingá,1,Ingá,15754,6383,9371,2747,9,""
19,2028,Ingá,2,Itatuba,7458,2255,5203,1363,9,""
19,2028,Ingá,3,Riachão do Bacamarte,4665,2328,2337,759,9,""
40,4239,Nanuque,0,Nanuque (município),51303,25743,25560,8872,10,""
40,4239,Nanuque,1,Nanuque,34025,18073,15952,5773,10,""
40,4239,Nanuque,2,Serra dos Aimorés,11757,5687,6070,2177,10,""
40,4239,Nanuque,3,Vila Pereira,5521,1983,3538,922,10,""
40,4240,Novo Cruzeiro,0,Novo Cruzeiro (município),36778,4292,32486,6798,10,""
40,4240,Novo Cruzeiro,1,Novo Cruzeiro,10797,2535,8262,2069,10,""
40,4240,Novo Cruzeiro,2,Itaipé,11154,470,10684,2127,10,""
40,4240,Novo Cruzeiro,3,Lufa,4232,384,3848,740,10,""
40,4240,Novo Cruzeiro,4,Novilhona,8233,158,8075,1463,10,""
40,4240,Novo Cruzeiro,5,Queixada,2362,745,1617,399,10,criado depois de 1950
71,7268,Toledo,0,Toledo (município),24959,5926,19033,4611,21,""
71,7268,Toledo,1,Toledo,7552,2972,4580,1348,21,""
71,7268,Toledo,2,Dez de Maio,1316,0,1316,219,21,""
71,7268,Toledo,3,General Rondon,4426,2954,1472,863,21,""
71,7268,Toledo,4,Margarida,2895,0,2895,549,21,""
71,7268,Toledo,5,Mercedes,1509,0,1509,289,21,""
71,7268,Toledo,6,Novo Sarandi,3243,0,3243,665,21,""
71,7268,Toledo,7,Pôrto Mendes,1017,0,1017,188,21,""
71,7268,Toledo,8,Quatro Pontes,3001,0,3001,490,21,""
17,1765,Martins,0,Martins (município),20728,4527,16201,,,amostra de auditoria dos municipios sem buraco na numeracao
17,1765,Martins,1,Martins,10017,3094,6923,,,amostra de auditoria dos municipios sem buraco na numeracao
17,1765,Martins,2,Demétrio Lemos,6138,676,5462,,,amostra de auditoria dos municipios sem buraco na numeracao
17,1765,Martins,3,Mineiro,4573,757,3816,,,amostra de auditoria dos municipios sem buraco na numeracao
17,1825,Santana do Matos,0,Santana do Matos (município),15251,2909,12342,,,amostra de auditoria dos municipios sem buraco na numeracao
17,1825,Santana do Matos,1,Santana do Matos,6528,2036,4492,,,amostra de auditoria dos municipios sem buraco na numeracao
17,1825,Santana do Matos,2,Barão de Serra Branca,2874,200,2674,,,amostra de auditoria dos municipios sem buraco na numeracao
17,1825,Santana do Matos,3,Bodó,1872,403,1469,,,amostra de auditoria dos municipios sem buraco na numeracao
17,1825,Santana do Matos,4,Santa Teresa,1487,107,1380,,,amostra de auditoria dos municipios sem buraco na numeracao
17,1825,Santana do Matos,5,São José da Passagem,2490,163,2327,,,amostra de auditoria dos municipios sem buraco na numeracao
21,2254,Serrita,0,Serrita (município),22413,1356,21057,,,amostra de auditoria dos municipios sem buraco na numeracao
21,2254,Serrita,1,Serrita,4556,698,3858,,,amostra de auditoria dos municipios sem buraco na numeracao
21,2254,Serrita,2,Caririmirim,6824,409,6415,,,amostra de auditoria dos municipios sem buraco na numeracao
21,2254,Serrita,3,Ipuera,2726,185,2541,,,amostra de auditoria dos municipios sem buraco na numeracao
21,2254,Serrita,4,Ori,8307,64,8243,,,amostra de auditoria dos municipios sem buraco na numeracao
40,4253,Rio do Prado,0,Rio do Prado (município),14644,2797,11847,,,amostra de auditoria dos municipios sem buraco na numeracao
40,4253,Rio do Prado,1,Rio do Prado,12225,1767,10458,,,amostra de auditoria dos municipios sem buraco na numeracao
40,4253,Rio do Prado,2,Palmópolis,2419,1030,1389,,,amostra de auditoria dos municipios sem buraco na numeracao
40,4729,Mateus Leme,0,Mateus Leme (município),13338,4971,8367,,,amostra de auditoria dos municipios sem buraco na numeracao
40,4729,Mateus Leme,1,Mateus Leme,2934,1708,1226,,,amostra de auditoria dos municipios sem buraco na numeracao
40,4729,Mateus Leme,2,Azurita,1631,849,782,,,amostra de auditoria dos municipios sem buraco na numeracao
40,4729,Mateus Leme,3,Igarapé,2356,838,1518,,,amostra de auditoria dos municipios sem buraco na numeracao
40,4729,Mateus Leme,4,Juatuba,1946,805,1141,,,amostra de auditoria dos municipios sem buraco na numeracao
40,4729,Mateus Leme,5,São Joaquim de Bicas,2225,462,1763,,,amostra de auditoria dos municipios sem buraco na numeracao
40,4729,Mateus Leme,6,Serra Azul,2246,309,1937,,,amostra de auditoria dos municipios sem buraco na numeracao
60,6237,Sumaré,0,Sumaré (município),10663,5343,5320,,,amostra de auditoria dos municipios sem buraco na numeracao
60,6237,Sumaré,1,Sumaré,5972,4208,1764,,,amostra de auditoria dos municipios sem buraco na numeracao
60,6237,Sumaré,2,Hortolândia,2661,662,1999,,,amostra de auditoria dos municipios sem buraco na numeracao
60,6237,Sumaré,3,Nova Veneza,2030,473,1557,,,amostra de auditoria dos municipios sem buraco na numeracao
60,6428,Jaú,0,Jaú (município),54161,31885,22276,,,amostra de auditoria dos municipios sem buraco na numeracao
60,6428,Jaú,1,Jaú,46598,31229,15369,,,amostra de auditoria dos municipios sem buraco na numeracao
60,6428,Jaú,2,Potunduva,7563,656,6907,,,amostra de auditoria dos municipios sem buraco na numeracao
60,6545,Catanduva,0,Catanduva (município),49513,38127,11386,,,amostra de auditoria dos municipios sem buraco na numeracao
60,6545,Catanduva,1,Catanduva,46638,37307,9331,,,amostra de auditoria dos municipios sem buraco na numeracao
60,6545,Catanduva,2,Elisiário,2875,820,2055,,,amostra de auditoria dos municipios sem buraco na numeracao
60,6553,Itápolis,0,Itápolis (município),21611,7680,13931,,,amostra de auditoria dos municipios sem buraco na numeracao
60,6553,Itápolis,1,Itápolis,19204,7430,11774,,,amostra de auditoria dos municipios sem buraco na numeracao
60,6553,Itápolis,2,Nova América,2407,250,2157,,,amostra de auditoria dos municipios sem buraco na numeracao
60,6602,Avaí,0,Avaí (município),6704,1737,4967,,,amostra de auditoria dos municipios sem buraco na numeracao
60,6602,Avaí,1,Avaí,4476,1579,2897,,,amostra de auditoria dos municipios sem buraco na numeracao
60,6602,Avaí,2,Nogueira,2228,158,2070,,,amostra de auditoria dos municipios sem buraco na numeracao
71,7256,Querência do Norte,0,Querência do Norte (município),7517,1423,6094,,,amostra de auditoria dos municipios sem buraco na numeracao
71,7256,Querência do Norte,1,Querência do Norte,3107,1119,1988,,,amostra de auditoria dos municipios sem buraco na numeracao
71,7256,Querência do Norte,2,Paranaguaçu,2458,206,2252,,,amostra de auditoria dos municipios sem buraco na numeracao
71,7256,Querência do Norte,3,Pôrto Brasília,1952,98,1854,,,amostra de auditoria dos municipios sem buraco na numeracao
71,7347,São Jerônimo da Serra,0,São Jerônimo da Serra (município),31453,2488,28965,,,amostra de auditoria dos municipios sem buraco na numeracao
71,7347,São Jerônimo da Serra,1,São Jerônimo da Serra,21488,870,20618,,,amostra de auditoria dos municipios sem buraco na numeracao
71,7347,São Jerônimo da Serra,2,Santa Cecília do Pavão,2265,1170,1095,,,amostra de auditoria dos municipios sem buraco na numeracao
71,7347,São Jerônimo da Serra,3,Santo Antônio do Pari,7700,448,7252,,,amostra de auditoria dos municipios sem buraco na numeracao
81,8271,Viamão,0,Viamão (município),50803,9850,40953,,,amostra de auditoria dos municipios sem buraco na numeracao
81,8271,Viamão,1,Viamão,12034,3928,8106,,,amostra de auditoria dos municipios sem buraco na numeracao
81,8271,Viamão,2,Itapoã,8679,213,8466,,,amostra de auditoria dos municipios sem buraco na numeracao
81,8271,Viamão,3,Passo do Feijó,12894,5111,7783,,,amostra de auditoria dos municipios sem buraco na numeracao
81,8271,Viamão,4,Passo do Sabão,17196,598,16598,,,amostra de auditoria dos municipios sem buraco na numeracao
81,8400,Arroio do Meio,0,Arroio do Meio (município),25894,3500,22394,,,amostra de auditoria dos municipios sem buraco na numeracao
81,8400,Arroio do Meio,1,Arroio do Meio,11968,2213,9755,,,amostra de auditoria dos municipios sem buraco na numeracao
81,8400,Arroio do Meio,2,Nova Bréscia,7059,840,6219,,,amostra de auditoria dos municipios sem buraco na numeracao
81,8400,Arroio do Meio,3,Pouso Novo,3270,172,3098,,,amostra de auditoria dos municipios sem buraco na numeracao
81,8400,Arroio do Meio,4,Travesseiro,3597,275,3322,,,amostra de auditoria dos municipios sem buraco na numeracao
91,9145,Diamantino,0,Diamantino (município),4148,839,3309,,,amostra de auditoria dos municipios sem buraco na numeracao
91,9145,Diamantino,1,Diamantino,3725,645,3080,,,amostra de auditoria dos municipios sem buraco na numeracao
91,9145,Diamantino,2,Utiariti,423,194,229,,,amostra de auditoria dos municipios sem buraco na numeracao
91,9165,Várzea Grande,0,Várzea Grande (município),11044,7075,3969,,,amostra de auditoria dos municipios sem buraco na numeracao
91,9165,Várzea Grande,1,Várzea Grande,7693,6441,1252,,,amostra de auditoria dos municipios sem buraco na numeracao
91,9165,Várzea Grande,2,Bom Sucesso,2816,444,2372,,,amostra de auditoria dos municipios sem buraco na numeracao
91,9165,Várzea Grande,3,Passagem da Conceição,535,190,345,,,amostra de auditoria dos municipios sem buraco na numeracao
40,4134,Santa Rita do Sapucaí,0,Santa Rita do Sapucaí (município),21622,9309,12313,,,amostra de auditoria dos municipios sem buraco na numeracao
40,4134,Santa Rita do Sapucaí,1,Santa Rita do Sapucaí,18322,8464,9858,,,amostra de auditoria dos municipios sem buraco na numeracao
40,4134,Santa Rita do Sapucaí,2,São Sebastião da Bela Vista,3300,845,2455,,,amostra de auditoria dos municipios sem buraco na numeracao
81,8317,Palmeira das Missões,0,Palmeira das Missões (município),56693,9406,47287,,,amostra de auditoria dos municipios sem buraco na numeracao
81,8317,Palmeira das Missões,1,Palmeira das Missões,32273,8017,24256,,,amostra de auditoria dos municipios sem buraco na numeracao
81,8317,Palmeira das Missões,2,Coronel Finzito,2936,366,2570,,,amostra de auditoria dos municipios sem buraco na numeracao
81,8317,Palmeira das Missões,3,Jaboticaba,6964,200,6764,,,amostra de auditoria dos municipios sem buraco na numeracao
81,8317,Palmeira das Missões,4,Rodeio Bonito,5970,551,5419,,,amostra de auditoria dos municipios sem buraco na numeracao
81,8317,Palmeira das Missões,5,São José,8550,272,8278,,,amostra de auditoria dos municipios sem buraco na numeracao
14,1448,Icó,0,Icó,34976,7652,27324,,,municipio em que os codigos do livro nao sobem com as linhas
14,1448,Icó,1,Icó,13188,5586,7602,,,municipio em que os codigos do livro nao sobem com as linhas
14,1448,Icó,2,Cruzeirinho,5952,177,5775,,,municipio em que os codigos do livro nao sobem com as linhas
14,1448,Icó,3,Icòzinho,5184,695,4489,,,municipio em que os codigos do livro nao sobem com as linhas
14,1448,Icó,4,Lima Campos,6802,973,5829,,,municipio em que os codigos do livro nao sobem com as linhas
14,1448,Icó,5,Pedrinhas,3850,221,3629,,,municipio em que os codigos do livro nao sobem com as linhas
14,1510,Acaraú,0,Acaraú,55385,6126,49259,,,municipio em que os codigos do livro nao sobem com as linhas
14,1510,Acaraú,1,Acaraú,15126,3042,12084,,,municipio em que os codigos do livro nao sobem com as linhas
14,1510,Acaraú,2,Aranaú,3993,313,3680,,,municipio em que os codigos do livro nao sobem com as linhas
14,1510,Acaraú,3,Cruz,4875,770,4105,,,municipio em que os codigos do livro nao sobem com as linhas
14,1510,Acaraú,4,Itarema,23369,1127,22242,,,municipio em que os codigos do livro nao sobem com as linhas
14,1510,Acaraú,5,Jericoacoara,8022,874,7148,,,municipio em que os codigos do livro nao sobem com as linhas
14,1649,Juazeiro do Norte,0,Juàzeiro do Norte,68494,54170,14324,,,municipio em que os codigos do livro nao sobem com as linhas
14,1649,Juazeiro do Norte,1,Juàzeiro do Norte,58904,53421,5483,,,municipio em que os codigos do livro nao sobem com as linhas
14,1649,Juazeiro do Norte,2,Marrocos,4442,170,4272,,,municipio em que os codigos do livro nao sobem com as linhas
14,1649,Juazeiro do Norte,3,Padre Cícero,5148,579,4569,,,municipio em que os codigos do livro nao sobem com as linhas
40,4340,Virginópolis,0,Virginópolis,35434,11384,24050,,,municipio em que os codigos do livro nao sobem com as linhas
40,4340,Virginópolis,1,Virginópolis,10470,2950,7520,,,municipio em que os codigos do livro nao sobem com as linhas
40,4340,Virginópolis,2,Divino de Virginópolis,6142,4073,2069,,,municipio em que os codigos do livro nao sobem com as linhas
40,4340,Virginópolis,3,Gonzaga,5511,800,4711,,,municipio em que os codigos do livro nao sobem com as linhas
40,4340,Virginópolis,4,Santa Efigênia,4620,905,3715,,,municipio em que os codigos do livro nao sobem com as linhas
40,4340,Virginópolis,5,São Geraldo da Piedade,4494,2134,2360,,,municipio em que os codigos do livro nao sobem com as linhas
40,4340,Virginópolis,6,Sardoá,4197,522,3675,,,municipio em que os codigos do livro nao sobem com as linhas
52,5213,São João da Barra,0,São João da Barra,54833,8599,46234,,,municipio em que os codigos do livro nao sobem com as linhas
52,5213,São João da Barra,1,São João da Barra,5735,3441,2294,,,municipio em que os codigos do livro nao sobem com as linhas
52,5213,São João da Barra,2,Barcelos,6665,2321,4344,,,municipio em que os codigos do livro nao sobem com as linhas
52,5213,São João da Barra,3,Barra Sêca,13400,604,12796,,,municipio em que os codigos do livro nao sobem com as linhas
52,5213,São João da Barra,4,Itabapoana,13459,1529,11930,,,municipio em que os codigos do livro nao sobem com as linhas
52,5213,São João da Barra,5,Maniva,9861,378,9483,,,municipio em que os codigos do livro nao sobem com as linhas
52,5213,São João da Barra,6,Pipeiras,5713,326,5387,,,municipio em que os codigos do livro nao sobem com as linhas
81,8107,São Luiz Gonzaga,0,São Luiz Gonzaga,55537,16127,39410,,,municipio em que os codigos do livro nao sobem com as linhas
81,8107,São Luiz Gonzaga,1,São Luís Gonzaga,21824,12926,8898,,,municipio em que os codigos do livro nao sobem com as linhas
81,8107,São Luiz Gonzaga,2,Bossoroca,5962,1008,4954,,,municipio em que os codigos do livro nao sobem com as linhas
81,8107,São Luiz Gonzaga,3,Caibaté,6792,359,6433,,,municipio em que os codigos do livro nao sobem com as linhas
81,8107,São Luiz Gonzaga,4,Dezesseis de Novembro,4492,93,4399,,,municipio em que os codigos do livro nao sobem com as linhas
81,8107,São Luiz Gonzaga,5,Pirapó,5399,263,5136,,,municipio em que os codigos do livro nao sobem com as linhas
81,8107,São Luiz Gonzaga,6,Rolador,4369,211,4158,,,municipio em que os codigos do livro nao sobem com as linhas
81,8107,São Luiz Gonzaga,7,São Lourenço das Missões,2657,324,2333,,,municipio em que os codigos do livro nao sobem com as linhas
81,8107,São Luiz Gonzaga,8,São Nicolau,4042,943,3099,,,municipio em que os codigos do livro nao sobem com as linhas
81,8135,São José do Ouro,0,São José do Ouro,17354,1646,15708,,,municipio em que os codigos do livro nao sobem com as linhas
81,8135,São José do Ouro,1,São José do Ouro,7428,1030,6398,,,municipio em que os codigos do livro nao sobem com as linhas
81,8135,São José do Ouro,2,Espigão Alto,3424,203,3221,,,municipio em que os codigos do livro nao sobem com as linhas
81,8135,São José do Ouro,3,Farrapos,1200,90,1110,,,municipio em que os codigos do livro nao sobem com as linhas
81,8135,São José do Ouro,4,Gustavo Berthier,3172,261,2911,,,municipio em que os codigos do livro nao sobem com as linhas
81,8135,São José do Ouro,5,Santo Expedito,2130,62,2068,,,municipio em que os codigos do livro nao sobem com as linhas
81,8201,Bento Gonçalves,0,Bento Gonçalves,33956,15141,18815,,,municipio em que os codigos do livro nao sobem com as linhas
81,8201,Bento Gonçalves,1,Bento Gonçalves,21842,13662,8180,,,municipio em que os codigos do livro nao sobem com as linhas
81,8201,Bento Gonçalves,2,Faria Lemos,2802,108,2694,,,municipio em que os codigos do livro nao sobem com as linhas
81,8201,Bento Gonçalves,3,Monte Belo,3528,485,3043,,,municipio em que os codigos do livro nao sobem com as linhas
81,8201,Bento Gonçalves,4,Pinto Bandeira,3458,334,3124,,,municipio em que os codigos do livro nao sobem com as linhas
81,8201,Bento Gonçalves,5,Santa Teresa,2326,552,1774,,,municipio em que os codigos do livro nao sobem com as linhas
81,8204,Caxias do Sul,0,Caxias do Sul,102702,69269,33433,,,municipio em que os codigos do livro nao sobem com as linhas
81,8204,Caxias do Sul,1,Caxias do Sul,70265,60607,9658,,,municipio em que os codigos do livro nao sobem com as linhas
81,8204,Caxias do Sul,2,Ana Rech,4463,1250,3213,,,municipio em que os codigos do livro nao sobem com as linhas
81,8204,Caxias do Sul,3,Criúva,3538,364,3174,,,municipio em que os codigos do livro nao sobem com as linhas
81,8204,Caxias do Sul,4,Fazenda Souza,1465,335,1130,,,municipio em que os codigos do livro nao sobem com as linhas
81,8204,Caxias do Sul,5,Forqueta,1437,646,791,,,municipio em que os codigos do livro nao sobem com as linhas
81,8204,Caxias do Sul,6,Galópolis,6723,2117,4606,,,municipio em que os codigos do livro nao sobem com as linhas
81,8204,Caxias do Sul,7,Oliva,2226,199,2027,,,municipio em que os codigos do livro nao sobem com as linhas
81,8204,Caxias do Sul,8,Santa Lúcia do Piaí,2917,494,2423,,,municipio em que os codigos do livro nao sobem com as linhas
81,8204,Caxias do Sul,9,São Marcos,8370,3014,5356,,,municipio em que os codigos do livro nao sobem com as linhas
81,8204,Caxias do Sul,10,Sêca,1298,243,1055,,,municipio em que os codigos do livro nao sobem com as linhas
81,8254,Cachoeira do Sul,0,Cachoeira do Sul,84512,40234,44278,,,municipio em que os codigos do livro nao sobem com as linhas
81,8254,Cachoeira do Sul,1,Cachoeira do Sul,38661,38661,0,,,municipio em que os codigos do livro nao sobem com as linhas
81,8254,Cachoeira do Sul,2,Barro Vermelho,6393,128,6265,,,municipio em que os codigos do livro nao sobem com as linhas
81,8254,Cachoeira do Sul,3,Capané,6561,37,6524,,,municipio em que os codigos do livro nao sobem com as linhas
81,8254,Cachoeira do Sul,4,Cêrro Branco,10642,957,9685,,,municipio em que os codigos do livro nao sobem com as linhas
81,8254,Cachoeira do Sul,5,Cordilheira,6351,97,6254,,,municipio em que os codigos do livro nao sobem com as linhas
81,8254,Cachoeira do Sul,6,Ferreira,8852,55,8797,,,municipio em que os codigos do livro nao sobem com as linhas
81,8254,Cachoeira do Sul,7,Paraíso do Sul,7052,299,6753,,,municipio em que os codigos do livro nao sobem com as linhas
81,8260,Gravataí,0,Gravataí,46271,16991,29280,,,municipio em que os codigos do livro nao sobem com as linhas
81,8260,Gravataí,1,Gravataí,19475,5461,14014,,,municipio em que os codigos do livro nao sobem com as linhas
81,8260,Gravataí,2,Cachoeirinha,11534,10794,740,,,municipio em que os codigos do livro nao sobem com as linhas
81,8260,Gravataí,3,Dom Feliciano,2437,45,2392,,,municipio em que os codigos do livro nao sobem com as linhas
81,8260,Gravataí,4,Glorinha,4334,241,4093,,,municipio em que os codigos do livro nao sobem com as linhas
81,8260,Gravataí,5,Ipiranga,5090,0,5090,,,municipio em que os codigos do livro nao sobem com as linhas
81,8260,Gravataí,6,Morungava,3401,450,2951,,,municipio em que os codigos do livro nao sobem com as linhas
81,8264,Rio Pardo,0,Rio Pardo,47908,16905,31003,,,municipio em que os codigos do livro nao sobem com as linhas
81,8264,Rio Pardo,1,Rio Pardo,21036,14412,6624,,,municipio em que os codigos do livro nao sobem com as linhas
81,8264,Rio Pardo,2,Albardão,2745,0,2745,,,municipio em que os codigos do livro nao sobem com as linhas
81,8264,Rio Pardo,3,Bexiga,1722,544,1178,,,municipio em que os codigos do livro nao sobem com as linhas
81,8264,Rio Pardo,4,Capivarita,9971,829,9142,,,municipio em que os codigos do livro nao sobem com as linhas
81,8264,Rio Pardo,5,Passo do Sobrado,4770,615,4155,,,municipio em que os codigos do livro nao sobem com as linhas
81,8264,Rio Pardo,6,Rincão del Rei,7664,505,7159,,,municipio em que os codigos do livro nao sobem com as linhas
81,8302,Campo Novo,0,Campo Novo,21052,2145,18907,,,municipio em que os codigos do livro nao sobem com as linhas
81,8302,Campo Novo,1,Campo Novo,6466,864,5602,,,municipio em que os codigos do livro nao sobem com as linhas
81,8302,Campo Novo,2,Braga,4131,379,3752,,,municipio em que os codigos do livro nao sobem com as linhas
81,8302,Campo Novo,3,Irapuá,6776,217,6559,,,municipio em que os codigos do livro nao sobem com as linhas
81,8302,Campo Novo,4,Pedro Garcia,1309,195,1114,,,municipio em que os codigos do livro nao sobem com as linhas
81,8302,Campo Novo,5,Redentora,2370,490,1880,,,municipio em que os codigos do livro nao sobem com as linhas
81,8311,Giruá,0,Giruá,24237,3565,20672,,,municipio em que os codigos do livro nao sobem com as linhas
81,8311,Giruá,1,Giruá,15781,3153,12628,,,municipio em que os codigos do livro nao sobem com as linhas
81,8311,Giruá,2,Salgado Filho,3199,125,3074,,,municipio em que os codigos do livro nao sobem com as linhas
81,8311,Giruá,3,Ubiretama,5257,287,4970,,,municipio em que os codigos do livro nao sobem com as linhas
81,8312,Horizontina,0,Horizontina,19588,2818,16770,,,municipio em que os codigos do livro nao sobem com as linhas
81,8312,Horizontina,1,Horizontina,6778,1551,5227,,,municipio em que os codigos do livro nao sobem com as linhas
81,8312,Horizontina,2,Cascata,2309,208,2101,,,municipio em que os codigos do livro nao sobem com as linhas
81,8312,Horizontina,3,Doutor Maurício Cardoso,4483,618,3865,,,municipio em que os codigos do livro nao sobem com as linhas
81,8312,Horizontina,4,Pitanga,3156,178,2978,,,municipio em que os codigos do livro nao sobem com as linhas
81,8312,Horizontina,5,Pranchada,2862,263,2599,,,municipio em que os codigos do livro nao sobem com as linhas
81,8319,Santa Rosa,0,Santa Rosa,45871,14714,31157,,,municipio em que os codigos do livro nao sobem com as linhas
81,8319,Santa Rosa,1,Santa Rosa,22040,12283,9757,,,municipio em que os codigos do livro nao sobem com as linhas
81,8319,Santa Rosa,2,Campina,7785,360,7425,,,municipio em que os codigos do livro nao sobem com as linhas
81,8319,Santa Rosa,3,Cândido Godói,5974,187,5787,,,municipio em que os codigos do livro nao sobem com as linhas
81,8319,Santa Rosa,4,Cruzeiro,5888,1708,4180,,,municipio em que os codigos do livro nao sobem com as linhas
81,8319,Santa Rosa,5,Sete de Setembro,4184,176,4008,,,municipio em que os codigos do livro nao sobem com as linhas
81,8322,São Valentim,0,São Valentim,13341,909,12432,,,municipio em que os codigos do livro nao sobem com as linhas
81,8322,São Valentim,1,São Valentim,4987,528,4459,,,municipio em que os codigos do livro nao sobem com as linhas
81,8322,São Valentim,2,Benjamin Constant,3531,217,3314,,,municipio em que os codigos do livro nao sobem com as linhas
81,8322,São Valentim,3,Faxinalzinho,4823,164,4659,,,municipio em que os codigos do livro nao sobem com as linhas
81,8325,Tenente Portela,0,Tenente Portela,39261,5216,34045,,,municipio em que os codigos do livro nao sobem com as linhas
81,8325,Tenente Portela,1,Tenente Portela,16288,3966,12322,,,municipio em que os codigos do livro nao sobem com as linhas
81,8325,Tenente Portela,2,Derrubadas,8416,597,7819,,,municipio em que os codigos do livro nao sobem com as linhas
81,8325,Tenente Portela,3,Miraguaí,7282,366,6916,,,municipio em que os codigos do livro nao sobem com as linhas
81,8325,Tenente Portela,4,Vista Gaúcha,7275,287,6988,,,municipio em que os codigos do livro nao sobem com as linhas
81,8328,Três de Maio,0,Três de Maio,38555,5943,32612,,,municipio em que os codigos do livro nao sobem com as linhas
81,8328,Três de Maio,1,Três de Maio,8710,4071,4639,,,municipio em que os codigos do livro nao sobem com as linhas
81,8328,Três de Maio,2,Consolata,3474,222,3252,,,municipio em que os codigos do livro nao sobem com as linhas
81,8328,Três de Maio,3,Independência,8437,284,8153,,,municipio em que os codigos do livro nao sobem com as linhas
81,8328,Três de Maio,4,Ivagaci,4911,421,4490,,,municipio em que os codigos do livro nao sobem com as linhas
81,8328,Três de Maio,5,Progresso,2481,116,2365,,,municipio em que os codigos do livro nao sobem com as linhas
81,8328,Três de Maio,6,Quaraim,2291,76,2215,,,municipio em que os codigos do livro nao sobem com as linhas
81,8328,Três de Maio,7,Rincão da Alegria,4053,352,3701,,,municipio em que os codigos do livro nao sobem com as linhas
81,8328,Três de Maio,8,São José do Inhacorá,4198,401,3797,,,municipio em que os codigos do livro nao sobem com as linhas
81,8355,Júlio de Castilhos,0,Júlio de Castilhos,29174,8493,20681,,,municipio em que os codigos do livro nao sobem com as linhas
81,8355,Júlio de Castilhos,1,Júlio de Castilhos,9550,6438,3112,,,municipio em que os codigos do livro nao sobem com as linhas
81,8355,Júlio de Castilhos,2,Canhemborá,3759,113,3646,,,municipio em que os codigos do livro nao sobem com as linhas
81,8355,Júlio de Castilhos,3,Ivorá,4558,578,3980,,,municipio em que os codigos do livro nao sobem com as linhas
81,8355,Júlio de Castilhos,4,Nova Palma,3922,862,3060,,,municipio em que os codigos do livro nao sobem com as linhas
81,8355,Júlio de Castilhos,5,Pinhal Grande,3721,292,3429,,,municipio em que os codigos do livro nao sobem com as linhas
81,8355,Júlio de Castilhos,6,Quevedos,3664,210,3454,,,municipio em que os codigos do livro nao sobem com as linhas
81,8406,Encantado,0,Encantado,35193,6746,28447,,,municipio em que os codigos do livro nao sobem com as linhas
81,8406,Encantado,1,Encantado,12263,4581,7682,,,municipio em que os codigos do livro nao sobem com as linhas
81,8406,Encantado,2,Anta Gorda,6729,549,6180,,,municipio em que os codigos do livro nao sobem com as linhas
81,8406,Encantado,3,Ilópolis,3237,699,2538,,,municipio em que os codigos do livro nao sobem com as linhas
81,8406,Encantado,4,Itapuca,1453,0,1453,,,municipio em que os codigos do livro nao sobem com as linhas
81,8406,Encantado,5,Putinga,6335,481,5854,,,municipio em que os codigos do livro nao sobem com as linhas
81,8406,Encantado,6,Relvado,5176,436,4740,,,municipio em que os codigos do livro nao sobem com as linhas
81,8412,Montenegro,0,Montenegro,56953,17882,39071,,,municipio em que os codigos do livro nao sobem com as linhas
81,8412,Montenegro,1,Montenegro,26348,14491,11857,,,municipio em que os codigos do livro nao sobem com as linhas
81,8412,Montenegro,2,Barão,2871,262,2609,,,municipio em que os codigos do livro nao sobem com as linhas
81,8412,Montenegro,3,Brochier,4799,364,4435,,,municipio em que os codigos do livro nao sobem com as linhas
81,8412,Montenegro,4,Harmonia,3669,409,3260,,,municipio em que os codigos do livro nao sobem com as linhas
81,8412,Montenegro,5,Maratá,3900,446,3454,,,municipio em que os codigos do livro nao sobem com as linhas
81,8412,Montenegro,6,Pareci Novo,2728,529,2199,,,municipio em que os codigos do livro nao sobem com as linhas
81,8412,Montenegro,7,Poço das Antas,4318,450,3868,,,municipio em que os codigos do livro nao sobem com as linhas
81,8412,Montenegro,8,São Salvador,4914,597,4317,,,municipio em que os codigos do livro nao sobem com as linhas
81,8412,Montenegro,9,Tupandi,3406,334,3072,,,municipio em que os codigos do livro nao sobem com as linhas
81,8414,Novo Hamburgo,0,Novo Hamburgo,53916,45344,8572,,,municipio em que os codigos do livro nao sobem com as linhas
81,8414,Novo Hamburgo,1,Novo Hamburgo,26966,25610,1356,,,municipio em que os codigos do livro nao sobem com as linhas
81,8414,Novo Hamburgo,2,Floresta Imperial,7247,7121,126,,,municipio em que os codigos do livro nao sobem com as linhas
81,8414,Novo Hamburgo,3,Hamburgo Velho,16013,11995,4018,,,municipio em que os codigos do livro nao sobem com as linhas
81,8414,Novo Hamburgo,4,Lomba Grande,3690,618,3072,,,municipio em que os codigos do livro nao sobem com as linhas
81,8417,Santa Cruz do Sul,0,Santa Cruz do Sul,76854,22026,54828,,,municipio em que os codigos do livro nao sobem com as linhas
81,8417,Santa Cruz do Sul,1,Santa Cruz do Sul,33195,18898,14297,,,municipio em que os codigos do livro nao sobem com as linhas
81,8417,Santa Cruz do Sul,2,Boa Vista,2420,270,2150,,,municipio em que os codigos do livro nao sobem com as linhas
81,8417,Santa Cruz do Sul,3,Ervoiras,5597,140,5457,,,municipio em que os codigos do livro nao sobem com as linhas
81,8417,Santa Cruz do Sul,4,Fontoura Gonçalves,2406,135,2271,,,municipio em que os codigos do livro nao sobem com as linhas
81,8417,Santa Cruz do Sul,5,Formosa,2844,113,2731,,,municipio em que os codigos do livro nao sobem com as linhas
81,8417,Santa Cruz do Sul,6,Gramado Xavier,3544,146,3398,,,municipio em que os codigos do livro nao sobem com as linhas
81,8417,Santa Cruz do Sul,7,Monte Alverne,9423,372,9051,,,municipio em que os codigos do livro nao sobem com as linhas
81,8417,Santa Cruz do Sul,8,Rio Pardinho,2386,309,2077,,,municipio em que os codigos do livro nao sobem com as linhas
81,8417,Santa Cruz do Sul,9,Serafim Schmidt,2505,262,2243,,,municipio em que os codigos do livro nao sobem com as linhas
81,8417,Santa Cruz do Sul,10,Sinimbu,6793,649,6144,,,municipio em que os codigos do livro nao sobem com as linhas
81,8417,Santa Cruz do Sul,11,Trombudo,5741,732,5009,,,municipio em que os codigos do livro nao sobem com as linhas
81,8421,São Sebastião do Caí,0,São Sebastião do Caí,27768,8544,19224,,,municipio em que os codigos do livro nao sobem com as linhas
81,8421,São Sebastião do Caí,1,São Sebastião do Caí,8145,4749,3396,,,municipio em que os codigos do livro nao sobem com as linhas
81,8421,São Sebastião do Caí,2,Bom Princípio,4406,626,3780,,,municipio em que os codigos do livro nao sobem com as linhas
81,8421,São Sebastião do Caí,3,Capela de Santana,6309,786,5523,,,municipio em que os codigos do livro nao sobem com as linhas
81,8421,São Sebastião do Caí,4,Portão,4454,719,3735,,,municipio em que os codigos do livro nao sobem com as linhas
81,8421,São Sebastião do Caí,5,São José do Hortêncio,2836,735,2101,,,municipio em que os codigos do livro nao sobem com as linhas
81,8421,São Sebastião do Caí,6,São Vendelino,1618,929,689,,,municipio em que os codigos do livro nao sobem com as linhas
81,8554,Pelotas,0,Pelotas,178265,129517,48748,,,municipio em que os codigos do livro nao sobem com as linhas
81,8554,Pelotas,1,Pelotas,122024,121280,744,,,municipio em que os codigos do livro nao sobem com as linhas
81,8554,Pelotas,2,Capão do Leão,14674,2804,11870,,,municipio em que os codigos do livro nao sobem com as linhas
81,8554,Pelotas,3,Cerrito Alegre,7646,0,7646,,,municipio em que os codigos do livro nao sobem com as linhas
81,8554,Pelotas,4,Dunas,9229,5433,3796,,,municipio em que os codigos do livro nao sobem com as linhas
81,8554,Pelotas,5,Morro Redondo,4629,0,4629,,,municipio em que os codigos do livro nao sobem com as linhas
81,8554,Pelotas,6,Quilombo,6658,0,6658,,,municipio em que os codigos do livro nao sobem com as linhas
81,8554,Pelotas,7,Santa Eulália,5451,0,5451,,,municipio em que os codigos do livro nao sobem com as linhas
81,8554,Pelotas,8,Santa Silvana,7954,0,7954,,,municipio em que os codigos do livro nao sobem com as linhas
60,6101,Eldorado,0,Eldorado,11005,2123,8882,,,municipio em que os codigos do livro nao sobem com as linhas
60,6101,Eldorado,1,Eldorado,5528,1524,4004,,,municipio em que os codigos do livro nao sobem com as linhas
60,6101,Eldorado,2,Braço,2444,182,2262,,,municipio em que os codigos do livro nao sobem com as linhas
60,6101,Eldorado,3,Itapeúna,3033,417,2616,,,municipio em que os codigos do livro nao sobem com as linhas
60,6657,Tupã,0,Tupã,56468,30321,26147,,,municipio em que os codigos do livro nao sobem com as linhas
60,6657,Tupã,1,Tupã,38795,28723,10072,,,municipio em que os codigos do livro nao sobem com as linhas
60,6657,Tupã,2,Arco-Íris,9570,518,9052,,,municipio em que os codigos do livro nao sobem com as linhas
60,6657,Tupã,3,Parnaso,2279,373,1906,,,municipio em que os codigos do livro nao sobem com as linhas
60,6657,Tupã,4,Universo,4196,287,3909,,,municipio em que os codigos do livro nao sobem com as linhas
60,6657,Tupã,5,Varpa,1628,420,1208,,,municipio em que os codigos do livro nao sobem com as linhas
17,1751,Parelhas,0,Parelhas,13044,4569,8475,,,municipio em que os codigos do livro nao sobem com as linhas
17,1751,Parelhas,1,Parelhas,9815,3821,5994,,,municipio em que os codigos do livro nao sobem com as linhas
17,1751,Parelhas,2,Equador,3229,748,2481,,,municipio em que os codigos do livro nao sobem com as linhas
