quesito,variavel,codigo,rotulo,grupo,subgrupo,pagina,nota
B,V202,1,"Homem, morador presente",,,2,sexo e condição de presença num só algarismo; não morador presente só pode ter quesito C = 4 ou 6
B,V202,2,"Mulher, moradora presente",,,2,sexo e condição de presença num só algarismo; não morador presente só pode ter quesito C = 4 ou 6
B,V202,3,"Homem, morador ausente",,,2,sexo e condição de presença num só algarismo; não morador presente só pode ter quesito C = 4 ou 6
B,V202,4,"Mulher, moradora ausente",,,2,sexo e condição de presença num só algarismo; não morador presente só pode ter quesito C = 4 ou 6
B,V202,5,"Homem, não morador presente",,,2,sexo e condição de presença num só algarismo; não morador presente só pode ter quesito C = 4 ou 6
B,V202,6,"Mulher, não moradora presente",,,2,sexo e condição de presença num só algarismo; não morador presente só pode ter quesito C = 4 ou 6
C,V203,7,Chefe,,,2,
C,V203,8,Cônjuge,,,2,
C,V203,9,Filho ou enteado,,,2,
C,V203,0,Neto,,,2,
C,V203,1,Pais e sogros,,,2,
C,V203,2,Outros parentes,,,2,
C,V203,3,Agregado,,,2,
C,V203,4,Hóspede ou empregado,,,2,
C,V203,5,Ignorado,,,2,
C,V203,6,Pessoa recenseada em boletim individual,,,2,
D,V204,0,Idade declarada em meses (os dois algarismos seguintes),,,2,"três símbolos: o primeiro é a unidade, os dois outros o valor; menor de 5 anos leva X no quesito L, menor de 10 leva X no quesito O"
D,V204,1,Idade declarada em anos (os dois algarismos seguintes),,,2,"três símbolos: o primeiro é a unidade, os dois outros o valor; menor de 5 anos leva X no quesito L, menor de 10 leva X no quesito O"
D,V204,5,Mais de 99 anos (os dois algarismos seguintes são os últimos da idade),,,2,"três símbolos: o primeiro é a unidade, os dois outros o valor; menor de 5 anos leva X no quesito L, menor de 10 leva X no quesito O"
D,V204,9,Ignorado (código 999),,,2,"três símbolos: o primeiro é a unidade, os dois outros o valor; menor de 5 anos leva X no quesito L, menor de 10 leva X no quesito O"
E,V205,5,Católica romana,,,3,
E,V205,6,Protestante,,,3,
E,V205,7,Espírita,,,3,
E,V205,8,Budista,,,3,
E,V205,9,Israelita,,,3,
E,V205,0,Ortodoxa,,,3,
E,V205,1,Maometana,,,3,
E,V205,2,Outra religião,,,3,
E,V205,3,Sem religião,,,3,
E,V205,4,Ignorado,,,3,
F,V206,4,Branca,,,3,
F,V206,5,Preta,,,3,
F,V206,6,Amarela,,,3,
F,V206,7,Parda,,,3,
F,V206,8,Índia,,,3,
F,V206,9,Ignorado,,,3,
G,V207,01,Acre,Brasil,,3,a lista de países remete ao 'Código para uso da Agência Municipal de Estatística' para os que faltam
G,V207,02,Alagoas,Brasil,,3,a lista de países remete ao 'Código para uso da Agência Municipal de Estatística' para os que faltam
G,V207,03,Amapá,Brasil,,3,a lista de países remete ao 'Código para uso da Agência Municipal de Estatística' para os que faltam
G,V207,04,Amazonas,Brasil,,3,a lista de países remete ao 'Código para uso da Agência Municipal de Estatística' para os que faltam
G,V207,05,Bahia,Brasil,,3,a lista de países remete ao 'Código para uso da Agência Municipal de Estatística' para os que faltam
G,V207,06,Distrito Federal (Brasília),Brasil,,3,a lista de países remete ao 'Código para uso da Agência Municipal de Estatística' para os que faltam
G,V207,07,Ceará,Brasil,,3,a lista de países remete ao 'Código para uso da Agência Municipal de Estatística' para os que faltam
G,V207,08,Espírito Santo,Brasil,,3,a lista de países remete ao 'Código para uso da Agência Municipal de Estatística' para os que faltam
G,V207,09,Rio de Janeiro (Estado),Brasil,,3,a lista de países remete ao 'Código para uso da Agência Municipal de Estatística' para os que faltam
G,V207,10,Fernando de Noronha,Brasil,,3,a lista de países remete ao 'Código para uso da Agência Municipal de Estatística' para os que faltam
G,V207,11,Goiás,Brasil,,3,a lista de países remete ao 'Código para uso da Agência Municipal de Estatística' para os que faltam
G,V207,12,"Guanabara (Rio de Janeiro, antigo Distrito Federal)",Brasil,,3,a lista de países remete ao 'Código para uso da Agência Municipal de Estatística' para os que faltam
G,V207,13,Rondônia (Guaporé),Brasil,,3,a lista de países remete ao 'Código para uso da Agência Municipal de Estatística' para os que faltam
G,V207,14,Maranhão,Brasil,,3,a lista de países remete ao 'Código para uso da Agência Municipal de Estatística' para os que faltam
G,V207,15,Mato Grosso,Brasil,,3,a lista de países remete ao 'Código para uso da Agência Municipal de Estatística' para os que faltam
G,V207,16,Minas Gerais,Brasil,,3,a lista de países remete ao 'Código para uso da Agência Municipal de Estatística' para os que faltam
G,V207,17,Pará,Brasil,,3,a lista de países remete ao 'Código para uso da Agência Municipal de Estatística' para os que faltam
G,V207,18,Paraíba,Brasil,,3,a lista de países remete ao 'Código para uso da Agência Municipal de Estatística' para os que faltam
G,V207,19,Paraná,Brasil,,3,a lista de países remete ao 'Código para uso da Agência Municipal de Estatística' para os que faltam
G,V207,20,Pernambuco,Brasil,,3,a lista de países remete ao 'Código para uso da Agência Municipal de Estatística' para os que faltam
G,V207,21,Piauí,Brasil,,3,a lista de países remete ao 'Código para uso da Agência Municipal de Estatística' para os que faltam
G,V207,22,Rio Branco,Brasil,,3,a lista de países remete ao 'Código para uso da Agência Municipal de Estatística' para os que faltam
G,V207,23,Rio Grande do Norte,Brasil,,3,a lista de países remete ao 'Código para uso da Agência Municipal de Estatística' para os que faltam
G,V207,24,Rio Grande do Sul,Brasil,,3,a lista de países remete ao 'Código para uso da Agência Municipal de Estatística' para os que faltam
G,V207,25,Santa Catarina,Brasil,,3,a lista de países remete ao 'Código para uso da Agência Municipal de Estatística' para os que faltam
G,V207,26,São Paulo,Brasil,,3,a lista de países remete ao 'Código para uso da Agência Municipal de Estatística' para os que faltam
G,V207,27,Sergipe,Brasil,,3,a lista de países remete ao 'Código para uso da Agência Municipal de Estatística' para os que faltam
G,V207,28,Serra dos Aimorés (região em litígio),Brasil,,3,a lista de países remete ao 'Código para uso da Agência Municipal de Estatística' para os que faltam
G,V207,29,Brasileiro nato sem declaração da Unidade da Federação,Brasil,,3,a lista de países remete ao 'Código para uso da Agência Municipal de Estatística' para os que faltam
G,V207,99,Estrangeiro ou naturalizado sem declaração do país,Brasil,,3,a lista de países remete ao 'Código para uso da Agência Municipal de Estatística' para os que faltam
G,V207,30,Açores,Outros países,,4,
G,V207,31,África do Sul,Outros países,,4,
G,V207,32,Alemanha (Ocidental e Oriental),Outros países,,4,
G,V207,33,Argélia,Outros países,,4,não legível ou ausente no exemplar digitalizado do Código; rótulo do dicionário de códigos do IBGE que acompanha o arquivo (dicionario_60_last.doc)
G,V207,34,Argentina,Outros países,,4,
G,V207,35,"URSS (inclusive Armênia, Bessarábia, Estônia, Geórgia, Letônia, Lituânia, Rússia e Ucrânia)",Outros países,,4,
G,V207,36,Austrália,Outros países,,4,
G,V207,37,Áustria,Outros países,,4,
G,V207,38,Bélgica,Outros países,,4,
G,V207,39,Bolívia,Outros países,,4,
G,V207,40,Bulgária,Outros países,,4,
G,V207,41,Canadá,Outros países,,4,
G,V207,42,Chile,Outros países,,4,
G,V207,43,China,Outros países,,4,
G,V207,44,Síria,Outros países,,4,
G,V207,45,Colômbia,Outros países,,4,
G,V207,46,Coréia,Outros países,,4,
G,V207,47,Costa Rica,Outros países,,4,
G,V207,48,Cuba,Outros países,,4,
G,V207,49,Dinamarca,Outros países,,4,
G,V207,50,Egito (República Árabe Unida),Outros países,,4,
G,V207,51,Equador,Outros países,,4,
G,V207,52,"Grã-Bretanha (Inglaterra, Escócia, Irlanda do Norte, Reino Unido)",Outros países,,4,
G,V207,53,Iugoslávia (inclusive Eslovênia),Outros países,,4,
G,V207,54,Espanha,Outros países,,4,
G,V207,55,Estados Unidos (inclusive Porto Rico),Outros países,,4,
G,V207,56,Filipinas,Outros países,,4,
G,V207,57,Finlândia,Outros países,,4,
G,V207,58,França,Outros países,,4,
G,V207,59,Grécia,Outros países,,4,
G,V207,60,Guatemala,Outros países,,4,
G,V207,61,Guiana Inglesa,Outros países,,4,
G,V207,62,Guiana Francesa,Outros países,,4,
G,V207,63,Guiana Holandesa (Suriname),Outros países,,4,
G,V207,64,Haiti,Outros países,,4,
G,V207,65,Holanda,Outros países,,4,
G,V207,66,Honduras,Outros países,,4,
G,V207,67,Honduras Britânica,Outros países,,4,
G,V207,68,Hungria,Outros países,,4,
G,V207,69,Índia,Outros países,,4,
G,V207,70,Irã,Outros países,,4,
G,V207,71,Iraque,Outros países,,4,
G,V207,72,Irlanda (Eire),Outros países,,4,
G,V207,73,Israel,Outros países,,4,
G,V207,74,Itália,Outros países,,4,
G,V207,75,Jamaica,Outros países,,4,
G,V207,76,Japão,Outros países,,4,
G,V207,77,Líbano,Outros países,,4,
G,V207,78,México,Outros países,,4,
G,V207,79,Nicarágua,Outros países,,4,
G,V207,80,Nigéria,Outros países,,4,
G,V207,81,Noruega,Outros países,,4,
G,V207,82,Nova Zelândia,Outros países,,4,
G,V207,83,Panamá,Outros países,,4,
G,V207,84,Paquistão,Outros países,,4,
G,V207,85,Paraguai,Outros países,,4,
G,V207,86,Pérsia,Outros países,,4,
G,V207,87,Peru,Outros países,,4,
G,V207,88,Polônia,Outros países,,4,
G,V207,89,Portugal,Outros países,,4,
G,V207,90,República Dominicana,Outros países,,4,
G,V207,91,Romênia,Outros países,,4,
G,V207,92,Salvador,Outros países,,4,
G,V207,93,Suécia,Outros países,,4,
G,V207,94,Suíça,Outros países,,4,
G,V207,95,Tcheco-Eslováquia,Outros países,,4,
G,V207,96,Turquia,Outros países,,4,
G,V207,97,Uruguai,Outros países,,4,
G,V207,98,Venezuela,Outros países,,4,
H,V208,9,Brasileiro nato,,,4,
H,V208,0,Brasileiro naturalizado,,,4,
H,V208,1,Estrangeiro,,,4,
I,V209,0,Procedente de zona rural (retângulo zero assinalado),,,5,"código de dois algarismos: o primeiro (V209) é a procedência, o segundo (V299) o tempo"
I,V209,1,"Retângulo zero não assinalado, com resposta de tempo de migração",,,5,"código de dois algarismos: o primeiro (V209) é a procedência, o segundo (V299) o tempo"
I,V209,2,"Natural da Unidade da Federação do boletim, ou não morador presente (código 20)",,,5,"código de dois algarismos: o primeiro (V209) é a procedência, o segundo (V299) o tempo"
I,V209,3,"Não natural da Unidade da Federação, sem nenhuma declaração (código 31)",,,5,"código de dois algarismos: o primeiro (V209) é a procedência, o segundo (V299) o tempo"
I,V299,2,Menos de 1 ano,,,5,
I,V299,3,1 ano,,,5,
I,V299,4,2 anos,,,5,
I,V299,5,3 anos,,,5,
I,V299,6,4 anos,,,5,
I,V299,7,5 anos,,,5,
I,V299,8,6 a 10 anos,,,5,
I,V299,9,11 anos e mais,,,5,
I,V299,0,Natural da Unidade da Federação (código 20),,,5,
I,V299,1,Sem declaração de tempo (códigos 01 e 31),,,5,
J,V210,00,Natural da Unidade da Federação (quesito I = 20),,,5,
J,V210,29,"Natural do Brasil, sem resposta",,,5,
J,V210,99,"Natural do exterior, sem resposta",,,5,
J,V210,01-98,"Unidade da Federação ou país de residência anterior, pelos códigos do quesito G",,,5,
L,V211,X,Menor de 5 anos (em branco no arquivo),,,6,
L,V211,0,Sabe ler e está frequentando escola,,,6,
L,V211,1,Sabe ler e não está frequentando escola,,,6,
L,V211,2,Não sabe ler e está frequentando escola,,,6,
L,V211,3,Não sabe ler e não está frequentando escola,,,6,
L,V211,4,Ignorada,,,6,
M,V212,4,1ª série,,,6,
M,V212,5,2ª série,,,6,
M,V212,6,3ª série,,,6,
M,V212,7,4ª série,,,6,
M,V212,8,5ª série,,,6,
M,V212,9,6ª série,,,6,
M,V212,0,Cursa o 1º ano elementar,,,6,
M,V212,1,Não frequenta nem frequentou escola,,,6,
M,V212,2,Ignorado,,,6,
N,V213,2,Elementar,,,6,
N,V213,3,"Médio, 1º ciclo",,,6,
N,V213,4,"Médio, 2º ciclo",,,6,
N,V213,5,Superior,,,6,
N,V213,6,Ignorado,,,6,
N,V213,1,Prejudicado (não frequenta nem frequentou escola),,,6,
N,V213,0,Cursa o 1º ano elementar,,,6,
O,V214,X,Menor de 10 anos (em branco no arquivo),,,6-7,
O,V214,00,Prejudicado (sem curso completo),,,6-7,
O,V214,99,Ignorado,,,6-7,
O,V214,89,Curso de grau não determinado,,,6-7,
O,V214,10,Primário,Elementar,,6-7,
O,V214,11,Comercial,Elementar,,6-7,
O,V214,13,Serviços sanitários,Elementar,,6-7,
O,V214,14,Militar,Elementar,,6-7,
O,V214,15,Agricultura e pecuária,Elementar,,6-7,
O,V214,16,Emendativo,Elementar,,6-7,
O,V214,17,Industrial,Elementar,,6-7,
O,V214,19,Outros,Elementar,,6-7,
O,V214,20,Ginasial,"Médio, 1º ciclo",,6-7,
O,V214,21,Comercial,"Médio, 1º ciclo",,6-7,
O,V214,22,Normal ou pedagógico,"Médio, 1º ciclo",,6-7,
O,V214,24,Militar,"Médio, 1º ciclo",,6-7,
O,V214,25,Agricultura e pecuária,"Médio, 1º ciclo",,6-7,
O,V214,26,Emendativo,"Médio, 1º ciclo",,6-7,
O,V214,27,Industrial,"Médio, 1º ciclo",,6-7,
O,V214,29,Outros,"Médio, 1º ciclo",,6-7,
O,V214,40,Colegial (científico e clássico),"Médio, 2º ciclo",,6-7,
O,V214,41,Comercial,"Médio, 2º ciclo",,6-7,
O,V214,42,Normal ou pedagógico,"Médio, 2º ciclo",,6-7,
O,V214,44,Militar,"Médio, 2º ciclo",,6-7,
O,V214,45,Agricultura e pecuária,"Médio, 2º ciclo",,6-7,
O,V214,47,Industrial,"Médio, 2º ciclo",,6-7,
O,V214,49,Outros,"Médio, 2º ciclo",,6-7,
O,V214,33,Serviços sanitários,"Médio, não equiparado",,6-7,
O,V214,34,Militar,"Médio, não equiparado",,6-7,
O,V214,36,Educação física,"Médio, não equiparado",,6-7,
O,V214,38,Eclesiástico,"Médio, não equiparado",,6-7,
O,V214,39,Outros,"Médio, não equiparado",,6-7,
O,V214,50,Bacharelado e didática em geografia e história,Superior,,6-7,
O,V214,51,Bacharelado e didática em história natural,Superior,,6-7,
O,V214,52,"Bacharelado e didática em letras (clássicas, neolatinas e anglo-germânicas)",Superior,,6-7,
O,V214,53,"Bacharelado e didática em matemática, física, química e desenho",Superior,,6-7,
O,V214,54,"Bacharelado e didática em outros cursos (astronomia, ciências sociais, filosofia, teologia etc.)",Superior,,6-7,
O,V214,57,Belas artes,Superior,,6-7,
O,V214,60,Medicina,Superior,,6-7,
O,V214,61,Farmácia,Superior,,6-7,
O,V214,62,Odontologia,Superior,,6-7,
O,V214,63,Veterinária,Superior,,6-7,
O,V214,64,Engenharia,Superior,,6-7,
O,V214,65,Arquitetura,Superior,,6-7,
O,V214,66,Química industrial,Superior,,6-7,
O,V214,67,Direito,Superior,,6-7,
O,V214,68,Agronomia,Superior,,6-7,
O,V214,70,"Ciências econômicas, contábeis e atuariais",Superior,,6-7,
O,V214,71,Ciências estatísticas,Superior,,6-7,
O,V214,72,Artes domésticas,Superior,,6-7,
O,V214,73,Serviços sanitários,Superior,,6-7,
O,V214,74,Militar,Superior,,6-7,
O,V214,76,Educação física,Superior,,6-7,
O,V214,78,Eclesiástico,Superior,,6-7,
O,V214,79,Outros,Superior,,6-7,
P,V215,6,Casamento civil e religioso,,,8,
P,V215,7,Somente casamento civil,,,8,
P,V215,8,Somente casamento religioso,,,8,
P,V215,9,Vivendo maritalmente (outra),,,8,
P,V215,0,Solteiro,,,8,
P,V215,1,Separado,,,8,
P,V215,2,Desquitado,,,8,
P,V215,3,Divorciado,,,8,
P,V215,4,Viúvo,,,8,
P,V215,5,Ignorado,,,8,
Q,V216,00,Não tem cônjuge ou não vive em companhia do cônjuge,,,8,
Q,V216,01-60,"Ano do casamento, dois últimos algarismos (1901 a 1960)",,,8,
Q,V216,61,Casados no ano de 1900,,,8,
Q,V216,62,Casados em ano anterior a 1864,,,8,
Q,V216,63,Ignorado,,,8,
Q,V216,64-99,"Ano do casamento, dois últimos algarismos (1864 a 1899)",,,8,
R,V217,00,Não teve filhos,,,8,
R,V217,01-98,"Número de filhos tidos, com zero à esquerda",,,8,
S,V218,00,Nenhum filho vivo,,,8,
S,V218,01-98,"Número de filhos vivos, com zero à esquerda",,,8,
T,V219,5,Até Cr$ 2 100,,,8,
T,V219,6,De Cr$ 2 101 a 3 300,,,8,
T,V219,7,De Cr$ 3 301 a 4 500,,,8,
T,V219,8,De Cr$ 4 501 a 6 000,,,8,
T,V219,9,De Cr$ 6 001 a 10 000,,,8,
T,V219,0,De Cr$ 10 001 a 20 000,,,8,
T,V219,1,De Cr$ 20 001 a 50 000,,,8,
T,V219,2,De Cr$ 50 001 e mais,,,8,
T,V219,3,Não tem,,,8,
T,V219,4,Ignorado,,,8,
U,V220,4,Afazeres domésticos,,,8,"com código diferente de 2 ou 3, o quesito V recebe X e os quesitos W, X e Z não são codificados; logo 2 e 3 são os ativos"
U,V220,5,Estudante,,,8,"com código diferente de 2 ou 3, o quesito V recebe X e os quesitos W, X e Z não são codificados; logo 2 e 3 são os ativos"
U,V220,6,Aposentado,,,8,"com código diferente de 2 ou 3, o quesito V recebe X e os quesitos W, X e Z não são codificados; logo 2 e 3 são os ativos"
U,V220,7,Vive de rendas,,,8,"com código diferente de 2 ou 3, o quesito V recebe X e os quesitos W, X e Z não são codificados; logo 2 e 3 são os ativos"
U,V220,8,Doença temporária,,,8,"com código diferente de 2 ou 3, o quesito V recebe X e os quesitos W, X e Z não são codificados; logo 2 e 3 são os ativos"
U,V220,9,Invalidez permanente,,,8,"com código diferente de 2 ou 3, o quesito V recebe X e os quesitos W, X e Z não são codificados; logo 2 e 3 são os ativos"
U,V220,0,Detento,,,8,"com código diferente de 2 ou 3, o quesito V recebe X e os quesitos W, X e Z não são codificados; logo 2 e 3 são os ativos"
U,V220,1,Sem ocupação,,,8,"com código diferente de 2 ou 3, o quesito V recebe X e os quesitos W, X e Z não são codificados; logo 2 e 3 são os ativos"
U,V220,2,Ignorado,,,8,"com código diferente de 2 ou 3, o quesito V recebe X e os quesitos W, X e Z não são codificados; logo 2 e 3 são os ativos"
U,V220,3,Prejudicado (economicamente ativo),,,8,"com código diferente de 2 ou 3, o quesito V recebe X e os quesitos W, X e Z não são codificados; logo 2 e 3 são os ativos"
V,V221,111,Agricultores (fazendeiros),"1. Ocupações de direção, administração e as relativas ao funcionamento de escritórios",Proprietários,9,
V,V221,112,Pecuaristas,"1. Ocupações de direção, administração e as relativas ao funcionamento de escritórios",Proprietários,9,
V,V221,113,Avicultores e criadores de pequenos animais,"1. Ocupações de direção, administração e as relativas ao funcionamento de escritórios",Proprietários,9,
V,V221,114,Industriais,"1. Ocupações de direção, administração e as relativas ao funcionamento de escritórios",Proprietários,9,
V,V221,115,Comerciantes,"1. Ocupações de direção, administração e as relativas ao funcionamento de escritórios",Proprietários,9,
V,V221,116,Hoteleiros e donos de pensão,"1. Ocupações de direção, administração e as relativas ao funcionamento de escritórios",Proprietários,9,
V,V221,117,Outros proprietários,"1. Ocupações de direção, administração e as relativas ao funcionamento de escritórios",Proprietários,9,
V,V221,121,"Administradores, diretores e assistentes no serviço público (inclusive cargos eletivos)","1. Ocupações de direção, administração e as relativas ao funcionamento de escritórios","Administradores, diretores e assistentes",9,
V,V221,122,Diretores e gerentes de bancos e companhias de seguros,"1. Ocupações de direção, administração e as relativas ao funcionamento de escritórios","Administradores, diretores e assistentes",9,
V,V221,123,Administradores e gerentes na agropecuária,"1. Ocupações de direção, administração e as relativas ao funcionamento de escritórios","Administradores, diretores e assistentes",9,
V,V221,124,"Outros administradores, diretores e gerentes","1. Ocupações de direção, administração e as relativas ao funcionamento de escritórios","Administradores, diretores e assistentes",9,
V,V221,181,Coletores e exatores,"1. Ocupações de direção, administração e as relativas ao funcionamento de escritórios",Ocupações relativas ao funcionamento de escritórios,9,
V,V221,182,Caixas e tesoureiros,"1. Ocupações de direção, administração e as relativas ao funcionamento de escritórios",Ocupações relativas ao funcionamento de escritórios,9,
V,V221,183,Cobradores,"1. Ocupações de direção, administração e as relativas ao funcionamento de escritórios",Ocupações relativas ao funcionamento de escritórios,9,
V,V221,184,Contadores e guarda-livros,"1. Ocupações de direção, administração e as relativas ao funcionamento de escritórios",Ocupações relativas ao funcionamento de escritórios,9,
V,V221,185,Despachantes (regularização de documentos),"1. Ocupações de direção, administração e as relativas ao funcionamento de escritórios",Ocupações relativas ao funcionamento de escritórios,9,
V,V221,186,Almoxarifes e armazenistas,"1. Ocupações de direção, administração e as relativas ao funcionamento de escritórios",Ocupações relativas ao funcionamento de escritórios,9,
V,V221,187,Datilógrafos,"1. Ocupações de direção, administração e as relativas ao funcionamento de escritórios",Ocupações relativas ao funcionamento de escritórios,9,
V,V221,188,Taquígrafos,"1. Ocupações de direção, administração e as relativas ao funcionamento de escritórios",Ocupações relativas ao funcionamento de escritórios,9,
V,V221,189,Operadores de apuração mecânica,"1. Ocupações de direção, administração e as relativas ao funcionamento de escritórios",Ocupações relativas ao funcionamento de escritórios,9,
V,V221,191,Auxiliares de escritório e de administração em geral,"1. Ocupações de direção, administração e as relativas ao funcionamento de escritórios",Ocupações relativas ao funcionamento de escritórios,9,
V,V221,211,Engenheiros,"2. Ocupações técnicas, científicas e trabalhadores afins",Engenheiros e atividades auxiliares,10,
V,V221,212,Arquitetos,"2. Ocupações técnicas, científicas e trabalhadores afins",Engenheiros e atividades auxiliares,10,
V,V221,213,Agrimensores e topógrafos,"2. Ocupações técnicas, científicas e trabalhadores afins",Engenheiros e atividades auxiliares,10,
V,V221,214,Desenhistas e cartógrafos,"2. Ocupações técnicas, científicas e trabalhadores afins",Engenheiros e atividades auxiliares,10,
V,V221,215,Químicos,"2. Ocupações técnicas, científicas e trabalhadores afins",Químicos e atividades auxiliares,10,
V,V221,216,Farmacêuticos,"2. Ocupações técnicas, científicas e trabalhadores afins",Químicos e atividades auxiliares,10,
V,V221,217,Práticos de farmácia,"2. Ocupações técnicas, científicas e trabalhadores afins",Químicos e atividades auxiliares,10,
V,V221,218,Laboratoristas,"2. Ocupações técnicas, científicas e trabalhadores afins",Químicos e atividades auxiliares,10,
V,V221,221,Agrônomos,"2. Ocupações técnicas, científicas e trabalhadores afins","Agrônomos, veterinários e naturalistas",10,
V,V221,222,Veterinários,"2. Ocupações técnicas, científicas e trabalhadores afins","Agrônomos, veterinários e naturalistas",10,
V,V221,223,Naturalistas,"2. Ocupações técnicas, científicas e trabalhadores afins","Agrônomos, veterinários e naturalistas",10,
V,V221,231,Médicos,"2. Ocupações técnicas, científicas e trabalhadores afins",Médicos e dentistas,10,
V,V221,232,Dentistas,"2. Ocupações técnicas, científicas e trabalhadores afins",Médicos e dentistas,10,
V,V221,241,Assistentes sociais,"2. Ocupações técnicas, científicas e trabalhadores afins",Atividades auxiliares da medicina e odontologia,10,
V,V221,242,Parteiras,"2. Ocupações técnicas, científicas e trabalhadores afins",Atividades auxiliares da medicina e odontologia,10,
V,V221,243,Enfermeiros e massagistas,"2. Ocupações técnicas, científicas e trabalhadores afins",Atividades auxiliares da medicina e odontologia,10,
V,V221,244,Protéticos,"2. Ocupações técnicas, científicas e trabalhadores afins",Atividades auxiliares da medicina e odontologia,10,
V,V221,245,Operadores de raios X e ortopedistas práticos,"2. Ocupações técnicas, científicas e trabalhadores afins",Atividades auxiliares da medicina e odontologia,10,
V,V221,251,Matemáticos e físicos,"2. Ocupações técnicas, científicas e trabalhadores afins","Cientistas, professores e atividades auxiliares",10,
V,V221,252,Professores primários,"2. Ocupações técnicas, científicas e trabalhadores afins","Cientistas, professores e atividades auxiliares",10,
V,V221,253,Professores secundários,"2. Ocupações técnicas, científicas e trabalhadores afins","Cientistas, professores e atividades auxiliares",10,
V,V221,254,Professores superiores,"2. Ocupações técnicas, científicas e trabalhadores afins","Cientistas, professores e atividades auxiliares",10,
V,V221,255,Professores sem especificação,"2. Ocupações técnicas, científicas e trabalhadores afins","Cientistas, professores e atividades auxiliares",10,
V,V221,256,"Sociólogos, economistas, atuários e estatísticos","2. Ocupações técnicas, científicas e trabalhadores afins","Cientistas, professores e atividades auxiliares",10,
V,V221,257,Inspetores de alunos,"2. Ocupações técnicas, científicas e trabalhadores afins","Cientistas, professores e atividades auxiliares",10,
V,V221,261,Magistrados,"2. Ocupações técnicas, científicas e trabalhadores afins","Magistratura, advocacia, Ministério Público e atividades auxiliares",10,
V,V221,262,"Procuradores, promotores e curadores públicos","2. Ocupações técnicas, científicas e trabalhadores afins","Magistratura, advocacia, Ministério Público e atividades auxiliares",10,
V,V221,263,Advogados e defensores públicos,"2. Ocupações técnicas, científicas e trabalhadores afins","Magistratura, advocacia, Ministério Público e atividades auxiliares",10,
V,V221,264,Tabeliães e oficiais de registro,"2. Ocupações técnicas, científicas e trabalhadores afins","Magistratura, advocacia, Ministério Público e atividades auxiliares",10,
V,V221,265,Escrivães e auxiliares de justiça,"2. Ocupações técnicas, científicas e trabalhadores afins","Magistratura, advocacia, Ministério Público e atividades auxiliares",10,
V,V221,271,Religiosos,"2. Ocupações técnicas, científicas e trabalhadores afins",Religiosos,10,
V,V221,281,Escritores e jornalistas,"2. Ocupações técnicas, científicas e trabalhadores afins",Escritores e jornalistas,10,
V,V221,291,Escultores e pintores,"2. Ocupações técnicas, científicas e trabalhadores afins",Outros profissionais técnicos,10,
V,V221,292,Técnicos de publicidade,"2. Ocupações técnicas, científicas e trabalhadores afins",Outros profissionais técnicos,10,
V,V221,293,Decoradores e cenógrafos,"2. Ocupações técnicas, científicas e trabalhadores afins",Outros profissionais técnicos,10,
V,V221,294,Cinegrafistas,"2. Ocupações técnicas, científicas e trabalhadores afins",Outros profissionais técnicos,10,
V,V221,295,Fotógrafos,"2. Ocupações técnicas, científicas e trabalhadores afins",Outros profissionais técnicos,10,
V,V221,311,Técnicos agrícolas e práticos rurais,3. Ocupações relativas à produção agrícola e extrativa (vegetal e animal),Trabalhadores agrícolas e práticos,11,
V,V221,312,Tratoristas,3. Ocupações relativas à produção agrícola e extrativa (vegetal e animal),Trabalhadores agrícolas e práticos,11,
V,V221,313,Aradores,3. Ocupações relativas à produção agrícola e extrativa (vegetal e animal),Trabalhadores agrícolas e práticos,11,
V,V221,321,"Chacareiros, hortelãos e floricultores",3. Ocupações relativas à produção agrícola e extrativa (vegetal e animal),Outras ocupações relativas à agricultura e à pecuária,11,
V,V221,322,Jardineiros,3. Ocupações relativas à produção agrícola e extrativa (vegetal e animal),Outras ocupações relativas à agricultura e à pecuária,11,
V,V221,323,Trabalhadores agrícolas e de enxada,3. Ocupações relativas à produção agrícola e extrativa (vegetal e animal),Outras ocupações relativas à agricultura e à pecuária,11,
V,V221,324,Trabalhadores de pecuária,3. Ocupações relativas à produção agrícola e extrativa (vegetal e animal),Outras ocupações relativas à agricultura e à pecuária,11,
V,V221,331,Pescadores,3. Ocupações relativas à produção agrícola e extrativa (vegetal e animal),Pescadores e caçadores,11,
V,V221,332,Caçadores,3. Ocupações relativas à produção agrícola e extrativa (vegetal e animal),Pescadores e caçadores,11,
V,V221,341,Madeireiros e lenhadores,3. Ocupações relativas à produção agrícola e extrativa (vegetal e animal),Trabalhadores florestais e afins,11,
V,V221,342,Carvoeiros (fabricantes),3. Ocupações relativas à produção agrícola e extrativa (vegetal e animal),Trabalhadores florestais e afins,11,
V,V221,343,Seringueiros,3. Ocupações relativas à produção agrícola e extrativa (vegetal e animal),Trabalhadores florestais e afins,11,
V,V221,344,Ervateiros,3. Ocupações relativas à produção agrícola e extrativa (vegetal e animal),Trabalhadores florestais e afins,11,
V,V221,345,"Apanhadores, descascadores e quebradores de produtos vegetais",3. Ocupações relativas à produção agrícola e extrativa (vegetal e animal),Trabalhadores florestais e afins,11,
V,V221,411,Mineiros,4. Ocupações relativas à produção extrativa mineral,Mineiros,12,
V,V221,421,Canteiros e marroeiros,4. Ocupações relativas à produção extrativa mineral,Canteiros e marroeiros,12,
V,V221,431,Ocupações relativas à perfuração de poços de petróleo e de gás e trabalhadores afins,4. Ocupações relativas à produção extrativa mineral,Ocupações relativas à perfuração de poços de petróleo e de gás e trabalhadores afins,12,
V,V221,441,Garimpeiros,4. Ocupações relativas à produção extrativa mineral,Garimpeiros,12,
V,V221,511,Modeladores e formistas de metais,5 e 6. Ocupações relativas à produção manufatureira e à construção civil,Ocupações relativas à indústria metalúrgica,12,
V,V221,512,Fundidores de metais,5 e 6. Ocupações relativas à produção manufatureira e à construção civil,Ocupações relativas à indústria metalúrgica,12,
V,V221,513,Laminadores e trefiladores,5 e 6. Ocupações relativas à produção manufatureira e à construção civil,Ocupações relativas à indústria metalúrgica,12,
V,V221,514,Afiadores e amoladores,5 e 6. Ocupações relativas à produção manufatureira e à construção civil,Ocupações relativas à indústria metalúrgica,12,
V,V221,521,Estampadores mecânicos,5 e 6. Ocupações relativas à produção manufatureira e à construção civil,Ocupações relativas à indústria mecânica,12,
V,V221,522,Fresadores e furadores,5 e 6. Ocupações relativas à produção manufatureira e à construção civil,Ocupações relativas à indústria mecânica,12,
V,V221,523,Torneiros mecânicos,5 e 6. Ocupações relativas à produção manufatureira e à construção civil,Ocupações relativas à indústria mecânica,12,
V,V221,524,Mecânicos de motor a explosão,5 e 6. Ocupações relativas à produção manufatureira e à construção civil,Ocupações relativas à indústria mecânica,12,
V,V221,525,"Mecânicos, sem especificação",5 e 6. Ocupações relativas à produção manufatureira e à construção civil,Ocupações relativas à indústria mecânica,12,
V,V221,526,Galvanizadores e niqueladores,5 e 6. Ocupações relativas à produção manufatureira e à construção civil,Ocupações relativas à indústria mecânica,12,
V,V221,527,Soldadores,5 e 6. Ocupações relativas à produção manufatureira e à construção civil,Ocupações relativas à indústria mecânica,12,
V,V221,528,Caldeireiros,5 e 6. Ocupações relativas à produção manufatureira e à construção civil,Ocupações relativas à indústria mecânica,12,
V,V221,529,Ferreiros e serralheiros,5 e 6. Ocupações relativas à produção manufatureira e à construção civil,Ocupações relativas à indústria mecânica,12,
V,V221,531,Lanterneiros de veículos,5 e 6. Ocupações relativas à produção manufatureira e à construção civil,Ocupações relativas à indústria mecânica,12,
V,V221,532,Rebitadores de metais,5 e 6. Ocupações relativas à produção manufatureira e à construção civil,Ocupações relativas à indústria mecânica,12,
V,V221,533,Funileiros de metais,5 e 6. Ocupações relativas à produção manufatureira e à construção civil,Ocupações relativas à indústria mecânica,12,
V,V221,534,Ferradores,5 e 6. Ocupações relativas à produção manufatureira e à construção civil,Ocupações relativas à indústria mecânica,12,
V,V221,541,Cardadores e penteadores,5 e 6. Ocupações relativas à produção manufatureira e à construção civil,Ocupações relativas à indústria têxtil,12,
V,V221,542,"Maçaroqueiros, bobinadores e espuladores",5 e 6. Ocupações relativas à produção manufatureira e à construção civil,Ocupações relativas à indústria têxtil,12,
V,V221,543,Fiandeiros,5 e 6. Ocupações relativas à produção manufatureira e à construção civil,Ocupações relativas à indústria têxtil,12,
V,V221,544,Rendeiras,5 e 6. Ocupações relativas à produção manufatureira e à construção civil,Ocupações relativas à indústria têxtil,12,
V,V221,545,Urdidores e remetedores,5 e 6. Ocupações relativas à produção manufatureira e à construção civil,Ocupações relativas à indústria têxtil,12,
V,V221,546,Cordoeiros,5 e 6. Ocupações relativas à produção manufatureira e à construção civil,Ocupações relativas à indústria têxtil,12,
V,V221,547,Tecelões,5 e 6. Ocupações relativas à produção manufatureira e à construção civil,Ocupações relativas à indústria têxtil,12,
V,V221,548,Tapeceiros,5 e 6. Ocupações relativas à produção manufatureira e à construção civil,Ocupações relativas à indústria têxtil,12,
V,V221,549,Redeiros,5 e 6. Ocupações relativas à produção manufatureira e à construção civil,Ocupações relativas à indústria têxtil,12,
V,V221,551,Alvejadores e tintureiros têxteis,5 e 6. Ocupações relativas à produção manufatureira e à construção civil,Ocupações relativas à indústria têxtil,12,
V,V221,552,Estampadores têxteis,5 e 6. Ocupações relativas à produção manufatureira e à construção civil,Ocupações relativas à indústria têxtil,12,
V,V221,553,Acabadores de pano,5 e 6. Ocupações relativas à produção manufatureira e à construção civil,Ocupações relativas à indústria têxtil,12,
V,V221,554,Cerzideiras,5 e 6. Ocupações relativas à produção manufatureira e à construção civil,Ocupações relativas à indústria têxtil,12,
V,V221,561,Correeiros e seleiros,5 e 6. Ocupações relativas à produção manufatureira e à construção civil,Ocupações relativas à indústria do couro,12,
V,V221,562,Curtidores,5 e 6. Ocupações relativas à produção manufatureira e à construção civil,Ocupações relativas à indústria do couro,12,
V,V221,571,Alfaiates e costureiras,5 e 6. Ocupações relativas à produção manufatureira e à construção civil,Ocupações relativas à indústria do vestuário,12,
V,V221,572,Bordadeiras,5 e 6. Ocupações relativas à produção manufatureira e à construção civil,Ocupações relativas à indústria do vestuário,12,
V,V221,573,Chapeleiros (de palha),5 e 6. Ocupações relativas à produção manufatureira e à construção civil,Ocupações relativas à indústria do vestuário,12,
V,V221,574,"Chapeleiros, exclusive de palha",5 e 6. Ocupações relativas à produção manufatureira e à construção civil,Ocupações relativas à indústria do vestuário,12,
V,V221,575,Sapateiros,5 e 6. Ocupações relativas à produção manufatureira e à construção civil,Ocupações relativas à indústria do vestuário,12,
V,V221,576,Bolseiros e cinteiros,5 e 6. Ocupações relativas à produção manufatureira e à construção civil,Ocupações relativas à indústria do vestuário,12,
V,V221,581,Marceneiros,5 e 6. Ocupações relativas à produção manufatureira e à construção civil,Ocupações relativas às indústrias de madeiras e móveis,12,
V,V221,582,Carpinteiros,5 e 6. Ocupações relativas à produção manufatureira e à construção civil,Ocupações relativas às indústrias de madeiras e móveis,12,
V,V221,583,Tanoeiros,5 e 6. Ocupações relativas à produção manufatureira e à construção civil,Ocupações relativas às indústrias de madeiras e móveis,12,
V,V221,584,Serradores,5 e 6. Ocupações relativas à produção manufatureira e à construção civil,Ocupações relativas às indústrias de madeiras e móveis,12,
V,V221,585,Estofadores e capoteiros,5 e 6. Ocupações relativas à produção manufatureira e à construção civil,Ocupações relativas às indústrias de madeiras e móveis,12,
V,V221,586,Colchoeiros,5 e 6. Ocupações relativas à produção manufatureira e à construção civil,Ocupações relativas às indústrias de madeiras e móveis,12,
V,V221,587,Lustradores de madeira (inclusive móveis),5 e 6. Ocupações relativas à produção manufatureira e à construção civil,Ocupações relativas às indústrias de madeiras e móveis,12,
V,V221,591,Eletricistas,5 e 6. Ocupações relativas à produção manufatureira e à construção civil,Eletricistas,12,
V,V221,592,Radiotécnicos (consertadores e montadores),5 e 6. Ocupações relativas à produção manufatureira e à construção civil,Eletricistas,12,
V,V221,611,Mestres de obras,5 e 6. Ocupações relativas à produção manufatureira e à construção civil,Ocupações relativas à indústria da construção civil,12,
V,V221,612,Armadores de concreto,5 e 6. Ocupações relativas à produção manufatureira e à construção civil,Ocupações relativas à indústria da construção civil,12,
V,V221,613,Pedreiros,5 e 6. Ocupações relativas à produção manufatureira e à construção civil,Ocupações relativas à indústria da construção civil,12,
V,V221,614,Serventes de pedreiro,5 e 6. Ocupações relativas à produção manufatureira e à construção civil,Ocupações relativas à indústria da construção civil,12,
V,V221,615,Pintores e caiadores,5 e 6. Ocupações relativas à produção manufatureira e à construção civil,Ocupações relativas à indústria da construção civil,12,
V,V221,616,Estucadores,5 e 6. Ocupações relativas à produção manufatureira e à construção civil,Ocupações relativas à indústria da construção civil,12,
V,V221,617,Ladrilheiros e taqueiros,5 e 6. Ocupações relativas à produção manufatureira e à construção civil,Ocupações relativas à indústria da construção civil,12,
V,V221,618,Encanadores,5 e 6. Ocupações relativas à produção manufatureira e à construção civil,Ocupações relativas à indústria da construção civil,12,
V,V221,619,Vidraceiros (colocador de vidros),5 e 6. Ocupações relativas à produção manufatureira e à construção civil,Ocupações relativas à indústria da construção civil,12,
V,V221,621,Calceteiros e asfaltadores,5 e 6. Ocupações relativas à produção manufatureira e à construção civil,Ocupações relativas à indústria da construção civil,12,
V,V221,622,Calafates,5 e 6. Ocupações relativas à produção manufatureira e à construção civil,Ocupações relativas à indústria da construção civil,12,
V,V221,623,Operadores de máquinas na construção civil,5 e 6. Ocupações relativas à produção manufatureira e à construção civil,Ocupações relativas à indústria da construção civil,12,
V,V221,631,Linguiceiros e salsicheiros,5 e 6. Ocupações relativas à produção manufatureira e à construção civil,Ocupações relativas às indústrias de alimentação e de bebidas,12,
V,V221,632,Charqueadores,5 e 6. Ocupações relativas à produção manufatureira e à construção civil,Ocupações relativas às indústrias de alimentação e de bebidas,12,
V,V221,633,Magarefes,5 e 6. Ocupações relativas à produção manufatureira e à construção civil,Ocupações relativas às indústrias de alimentação e de bebidas,12,
V,V221,634,Manteigueiros e queijeiros,5 e 6. Ocupações relativas à produção manufatureira e à construção civil,Ocupações relativas às indústrias de alimentação e de bebidas,12,
V,V221,635,Doceiros e confeiteiros,5 e 6. Ocupações relativas à produção manufatureira e à construção civil,Ocupações relativas às indústrias de alimentação e de bebidas,12,
V,V221,636,Macarroneiros e pasteleiros,5 e 6. Ocupações relativas à produção manufatureira e à construção civil,Ocupações relativas às indústrias de alimentação e de bebidas,12,
V,V221,637,Padeiros,5 e 6. Ocupações relativas à produção manufatureira e à construção civil,Ocupações relativas às indústrias de alimentação e de bebidas,12,
V,V221,638,Farinheiros e moleiros,5 e 6. Ocupações relativas à produção manufatureira e à construção civil,Ocupações relativas às indústrias de alimentação e de bebidas,12,
V,V221,639,Ocupações concernentes às usinas e engenhos de açúcar,5 e 6. Ocupações relativas à produção manufatureira e à construção civil,Ocupações relativas às indústrias de alimentação e de bebidas,12,
V,V221,641,Ocupações concernentes às destilarias de bebidas,5 e 6. Ocupações relativas à produção manufatureira e à construção civil,Ocupações relativas às indústrias de alimentação e de bebidas,12,
V,V221,642,Ocupações concernentes à moagem e torrefação de café,5 e 6. Ocupações relativas à produção manufatureira e à construção civil,Ocupações relativas às indústrias de alimentação e de bebidas,12,
V,V221,643,Ocupações concernentes à industrialização do pescado,5 e 6. Ocupações relativas à produção manufatureira e à construção civil,Ocupações relativas às indústrias de alimentação e de bebidas,12,
V,V221,651,Linotipistas,5 e 6. Ocupações relativas à produção manufatureira e à construção civil,Ocupações relativas à indústria gráfica,12,
V,V221,652,Tipógrafos,5 e 6. Ocupações relativas à produção manufatureira e à construção civil,Ocupações relativas à indústria gráfica,12,
V,V221,653,Clicheristas e gravadores,5 e 6. Ocupações relativas à produção manufatureira e à construção civil,Ocupações relativas à indústria gráfica,12,
V,V221,654,Impressores,5 e 6. Ocupações relativas à produção manufatureira e à construção civil,Ocupações relativas à indústria gráfica,12,
V,V221,655,"Revisores, na indústria gráfica",5 e 6. Ocupações relativas à produção manufatureira e à construção civil,Ocupações relativas à indústria gráfica,12,
V,V221,656,Encadernadores e cartonadores,5 e 6. Ocupações relativas à produção manufatureira e à construção civil,Ocupações relativas à indústria gráfica,12,
V,V221,657,Outras ocupações específicas da indústria gráfica,5 e 6. Ocupações relativas à produção manufatureira e à construção civil,Ocupações relativas à indústria gráfica,12,
V,V221,661,Vidreiros e ampoleiros,5 e 6. Ocupações relativas à produção manufatureira e à construção civil,Ocupações relativas às indústrias de cerâmica e de vidro,12,
V,V221,662,Ceramistas e louceiros,5 e 6. Ocupações relativas à produção manufatureira e à construção civil,Ocupações relativas às indústrias de cerâmica e de vidro,12,
V,V221,663,Pintores cerâmicos,5 e 6. Ocupações relativas à produção manufatureira e à construção civil,Ocupações relativas às indústrias de cerâmica e de vidro,12,
V,V221,664,Oleiros,5 e 6. Ocupações relativas à produção manufatureira e à construção civil,Ocupações relativas às indústrias de cerâmica e de vidro,12,
V,V221,671,"Mestres, contramestres e técnicos industriais",5 e 6. Ocupações relativas à produção manufatureira e à construção civil,Ocupações técnicas e semi-técnicas no processo de produção e trabalhadores afins,12,
V,V221,672,Ourives e relojoeiros,5 e 6. Ocupações relativas à produção manufatureira e à construção civil,Ocupações técnicas e semi-técnicas no processo de produção e trabalhadores afins,12,
V,V221,673,Lapidadores,5 e 6. Ocupações relativas à produção manufatureira e à construção civil,Ocupações técnicas e semi-técnicas no processo de produção e trabalhadores afins,12,
V,V221,674,Vulcanizadores e recauchutadores,5 e 6. Ocupações relativas à produção manufatureira e à construção civil,Ocupações técnicas e semi-técnicas no processo de produção e trabalhadores afins,12,
V,V221,675,Fogueteiros,5 e 6. Ocupações relativas à produção manufatureira e à construção civil,Ocupações técnicas e semi-técnicas no processo de produção e trabalhadores afins,12,
V,V221,676,Outras ocupações técnicas e semi-técnicas no processo de produção,5 e 6. Ocupações relativas à produção manufatureira e à construção civil,Ocupações técnicas e semi-técnicas no processo de produção e trabalhadores afins,12,
V,V221,681,Cesteiros e esteireiros,5 e 6. Ocupações relativas à produção manufatureira e à construção civil,Outras ocupações relativas à indústria de transformação,12,
V,V221,682,Vassoureiros,5 e 6. Ocupações relativas à produção manufatureira e à construção civil,Outras ocupações relativas à indústria de transformação,12,
V,V221,683,Marmoristas,5 e 6. Ocupações relativas à produção manufatureira e à construção civil,Outras ocupações relativas à indústria de transformação,12,
V,V221,684,Charuteiros e cigarreiros,5 e 6. Ocupações relativas à produção manufatureira e à construção civil,Outras ocupações relativas à indústria de transformação,12,
V,V221,685,Polidores e esmerilhadores,5 e 6. Ocupações relativas à produção manufatureira e à construção civil,Outras ocupações relativas à indústria de transformação,12,
V,V221,686,Pintores a pistola,5 e 6. Ocupações relativas à produção manufatureira e à construção civil,Outras ocupações relativas à indústria de transformação,12,
V,V221,687,Maleiros,5 e 6. Ocupações relativas à produção manufatureira e à construção civil,Outras ocupações relativas à indústria de transformação,12,
V,V221,688,Foguistas (exclusive embarcação e trem),5 e 6. Ocupações relativas à produção manufatureira e à construção civil,Outras ocupações relativas à indústria de transformação,12,
V,V221,689,Embaladores e expedidores,5 e 6. Ocupações relativas à produção manufatureira e à construção civil,Outras ocupações relativas à indústria de transformação,12,
V,V221,711,Açougueiros,7. Ocupações relativas ao comércio e às atividades auxiliares,Ocupações relativas ao comércio,15,
V,V221,712,Vendedores ambulantes,7. Ocupações relativas ao comércio e às atividades auxiliares,Ocupações relativas ao comércio,15,
V,V221,713,Balconistas e entregadores,7. Ocupações relativas ao comércio e às atividades auxiliares,Ocupações relativas ao comércio,15,
V,V221,714,Vendedores de jornais e revistas,7. Ocupações relativas ao comércio e às atividades auxiliares,Ocupações relativas ao comércio,15,
V,V221,721,Pracistas e viajantes comerciais,7. Ocupações relativas ao comércio e às atividades auxiliares,Viajantes comerciais e agentes de fábricas,15,
V,V221,722,Representantes comerciais,7. Ocupações relativas ao comércio e às atividades auxiliares,Viajantes comerciais e agentes de fábricas,15,
V,V221,723,Propagandistas,7. Ocupações relativas ao comércio e às atividades auxiliares,Viajantes comerciais e agentes de fábricas,15,
V,V221,731,Corretores e agenciadores,7. Ocupações relativas ao comércio e às atividades auxiliares,Outras ocupações no comércio,15,
V,V221,732,Compradores,7. Ocupações relativas ao comércio e às atividades auxiliares,Outras ocupações no comércio,15,
V,V221,733,Leiloeiros,7. Ocupações relativas ao comércio e às atividades auxiliares,Outras ocupações no comércio,15,
V,V221,811,Aviadores civis,8. Ocupações relativas aos transportes e às comunicações,Ocupações relativas ao transporte aéreo,15,
V,V221,812,Aeromoços,8. Ocupações relativas aos transportes e às comunicações,Ocupações relativas ao transporte aéreo,15,
V,V221,821,Oficiais de marinha mercante,8. Ocupações relativas aos transportes e às comunicações,"Ocupações relativas ao transporte marítimo, fluvial e lacustre",15,
V,V221,822,Mestres de embarcação,8. Ocupações relativas aos transportes e às comunicações,"Ocupações relativas ao transporte marítimo, fluvial e lacustre",15,
V,V221,823,Maquinistas de embarcação,8. Ocupações relativas aos transportes e às comunicações,"Ocupações relativas ao transporte marítimo, fluvial e lacustre",15,
V,V221,824,Foguistas de embarcação,8. Ocupações relativas aos transportes e às comunicações,"Ocupações relativas ao transporte marítimo, fluvial e lacustre",15,
V,V221,825,Marinheiros civis,8. Ocupações relativas aos transportes e às comunicações,"Ocupações relativas ao transporte marítimo, fluvial e lacustre",15,
V,V221,826,Taifeiros,8. Ocupações relativas aos transportes e às comunicações,"Ocupações relativas ao transporte marítimo, fluvial e lacustre",15,
V,V221,827,Barqueiros e canoeiros,8. Ocupações relativas aos transportes e às comunicações,"Ocupações relativas ao transporte marítimo, fluvial e lacustre",15,
V,V221,831,Práticos de porto,8. Ocupações relativas aos transportes e às comunicações,Ocupações relativas aos serviços portuários,15,
V,V221,832,Guindasteiros,8. Ocupações relativas aos transportes e às comunicações,Ocupações relativas aos serviços portuários,15,
V,V221,833,Estivadores,8. Ocupações relativas aos transportes e às comunicações,Ocupações relativas aos serviços portuários,15,
V,V221,841,Agentes de estrada de ferro,8. Ocupações relativas aos transportes e às comunicações,Ocupações relativas ao transporte ferroviário,15,
V,V221,842,Condutores e chefes de trem,8. Ocupações relativas aos transportes e às comunicações,Ocupações relativas ao transporte ferroviário,15,
V,V221,843,Maquinistas,8. Ocupações relativas aos transportes e às comunicações,Ocupações relativas ao transporte ferroviário,15,
V,V221,844,Foguistas de trem,8. Ocupações relativas aos transportes e às comunicações,Ocupações relativas ao transporte ferroviário,15,
V,V221,845,Guarda-freios,8. Ocupações relativas aos transportes e às comunicações,Ocupações relativas ao transporte ferroviário,15,
V,V221,846,Manobreiros e sinaleiros,8. Ocupações relativas aos transportes e às comunicações,Ocupações relativas ao transporte ferroviário,15,
V,V221,851,Motoristas,8. Ocupações relativas aos transportes e às comunicações,Ocupações relativas aos transportes rodoviários e urbanos,15,
V,V221,852,Trocadores,8. Ocupações relativas aos transportes e às comunicações,Ocupações relativas aos transportes rodoviários e urbanos,15,
V,V221,853,Motorneiros de bonde,8. Ocupações relativas aos transportes e às comunicações,Ocupações relativas aos transportes rodoviários e urbanos,15,
V,V221,854,Condutores de bonde,8. Ocupações relativas aos transportes e às comunicações,Ocupações relativas aos transportes rodoviários e urbanos,15,
V,V221,855,Carroceiros e tropeiros,8. Ocupações relativas aos transportes e às comunicações,Ocupações relativas aos transportes rodoviários e urbanos,15,
V,V221,861,Inspetores e despachantes nos transportes,8. Ocupações relativas aos transportes e às comunicações,Outras ocupações relativas aos transportes,15,
V,V221,862,Trabalhadores de conservação de rodovias,8. Ocupações relativas aos transportes e às comunicações,Outras ocupações relativas aos transportes,15,
V,V221,863,Trabalhadores de conservação de ferrovias,8. Ocupações relativas aos transportes e às comunicações,Outras ocupações relativas aos transportes,15,
V,V221,871,Agentes postais e telegráficos,8. Ocupações relativas aos transportes e às comunicações,Ocupações relativas às comunicações,15,
V,V221,872,Telegrafistas e radiotelegrafistas,8. Ocupações relativas aos transportes e às comunicações,Ocupações relativas às comunicações,15,
V,V221,873,Telefonistas,8. Ocupações relativas aos transportes e às comunicações,Ocupações relativas às comunicações,15,
V,V221,874,Carteiros,8. Ocupações relativas aos transportes e às comunicações,Ocupações relativas às comunicações,15,
V,V221,875,Manipuladores nos Correios e Telégrafos,8. Ocupações relativas aos transportes e às comunicações,Ocupações relativas às comunicações,15,
V,V221,876,Guarda-fios,8. Ocupações relativas aos transportes e às comunicações,Ocupações relativas às comunicações,15,
V,V221,911,Cozinheiros,9. Ocupações relativas à prestação de serviços,Ocupações relativas aos serviços domésticos remunerados,17,
V,V221,912,Garçons,9. Ocupações relativas à prestação de serviços,Ocupações relativas aos serviços domésticos remunerados,17,
V,V221,913,Amas e copeiras,9. Ocupações relativas à prestação de serviços,Ocupações relativas aos serviços domésticos remunerados,17,
V,V221,921,"Porteiros, faxineiros e ascensoristas de edifícios",9. Ocupações relativas à prestação de serviços,"Porteiros, faxineiros e ascensoristas de edifícios",17,
V,V221,931,Barbeiros e cabeleireiros,9. Ocupações relativas à prestação de serviços,Ocupações relativas aos serviços de higiene pessoal,17,
V,V221,932,Manicuras e pedicuros,9. Ocupações relativas à prestação de serviços,Ocupações relativas aos serviços de higiene pessoal,17,
V,V221,933,Lavadeiras e engomadeiras,9. Ocupações relativas à prestação de serviços,Ocupações relativas aos serviços de higiene pessoal,17,
V,V221,934,Engraxates,9. Ocupações relativas à prestação de serviços,Ocupações relativas aos serviços de higiene pessoal,17,
V,V221,941,Músicos,9. Ocupações relativas à prestação de serviços,Ocupações relativas aos serviços de diversões,17,
V,V221,942,"Artistas de cinema, teatro e circo",9. Ocupações relativas à prestação de serviços,Ocupações relativas aos serviços de diversões,17,
V,V221,943,Locutores e artistas de rádio e televisão,9. Ocupações relativas à prestação de serviços,Ocupações relativas aos serviços de diversões,17,
V,V221,944,Operadores de radiodifusão,9. Ocupações relativas à prestação de serviços,Ocupações relativas aos serviços de diversões,17,
V,V221,945,Operadores cinematográficos,9. Ocupações relativas à prestação de serviços,Ocupações relativas aos serviços de diversões,17,
V,V221,951,Atletas profissionais,9. Ocupações relativas à prestação de serviços,Atletas profissionais,17,
V,V221,961,Lavadores de carros,9. Ocupações relativas à prestação de serviços,Outros trabalhadores nos serviços,17,
V,V221,962,Enceradores,9. Ocupações relativas à prestação de serviços,Outros trabalhadores nos serviços,17,
V,V221,971,Oficiais e praças das Forças Armadas,9. Ocupações relativas à prestação de serviços,Ocupações relativas à defesa nacional e segurança pública,17,
V,V221,972,Oficiais e praças do Corpo de Bombeiros,9. Ocupações relativas à prestação de serviços,Ocupações relativas à defesa nacional e segurança pública,17,
V,V221,973,Delegados e comissários de polícia,9. Ocupações relativas à prestação de serviços,Ocupações relativas à defesa nacional e segurança pública,17,
V,V221,974,Investigadores e peritos policiais,9. Ocupações relativas à prestação de serviços,Ocupações relativas à defesa nacional e segurança pública,17,
V,V221,975,Guardas civis e inspetores de tráfego,9. Ocupações relativas à prestação de serviços,Ocupações relativas à defesa nacional e segurança pública,17,
V,V221,976,Carcereiros e guardas de presídio,9. Ocupações relativas à prestação de serviços,Ocupações relativas à defesa nacional e segurança pública,17,
V,V221,981,Apontadores e capatazes,"Outras ocupações não classificadas, ocupações mal definidas ou não declaradas",,17,
V,V221,982,Aprendizes,"Outras ocupações não classificadas, ocupações mal definidas ou não declaradas",,17,
V,V221,983,"Contínuos, vigias e serventes","Outras ocupações não classificadas, ocupações mal definidas ou não declaradas",,17,
V,V221,984,Guardas sanitários,"Outras ocupações não classificadas, ocupações mal definidas ou não declaradas",,17,
V,V221,985,Inspetores e fiscais,"Outras ocupações não classificadas, ocupações mal definidas ou não declaradas",,17,
V,V221,986,Lixeiros,"Outras ocupações não classificadas, ocupações mal definidas ou não declaradas",,17,
V,V221,987,Lubrificadores,"Outras ocupações não classificadas, ocupações mal definidas ou não declaradas",,17,
V,V221,988,"Operadores de máquinas, exclusive na construção civil","Outras ocupações não classificadas, ocupações mal definidas ou não declaradas",,17,
V,V221,989,"Trabalhadores braçais, sem especificação","Outras ocupações não classificadas, ocupações mal definidas ou não declaradas",,17,
V,V221,998,Outras ocupações ou ocupações mal definidas,"Outras ocupações não classificadas, ocupações mal definidas ou não declaradas",,17,
V,V221,999,Sem declaração de ocupação,"Outras ocupações não classificadas, ocupações mal definidas ou não declaradas",,17,
W,V223,2,Ocupação declarada no quesito anterior,,,18,
W,V223,3,Outra ocupação,,,18,
W,V223,4,Desempregado,,,18,
W,V223,5,Ignorado,,,18,
X,V223B,111,Cultura de agave ou sisal,Agricultura e silvicultura,,18,
X,V223B,112,Cultura de algodão,Agricultura e silvicultura,,18,
X,V223B,113,Cultura de arroz,Agricultura e silvicultura,,18,
X,V223B,114,Cultura de banana,Agricultura e silvicultura,,18,
X,V223B,115,Cultura de cacau,Agricultura e silvicultura,,18,
X,V223B,116,Cultura de café,Agricultura e silvicultura,,18,
X,V223B,117,Cultura de cana,Agricultura e silvicultura,,18,
X,V223B,118,Cultura de fumo,Agricultura e silvicultura,,18,
X,V223B,119,Cultura de trigo,Agricultura e silvicultura,,18,
X,V223B,120,Outras culturas não compreendidas nas classes anteriores,Agricultura e silvicultura,,18,
X,V223B,121,Fruticultura (exclusive banana),Agricultura e silvicultura,,18,
X,V223B,122,Horticultura e floricultura,Agricultura e silvicultura,,18,
X,V223B,123,Silvicultura,Agricultura e silvicultura,,18,
X,V223B,129,Atividades agrícolas mal definidas,Agricultura e silvicultura,,18,
X,V223B,151,Pecuária,Pecuária e criação de pequenos animais,,19,
X,V223B,152,Avicultura e cunicultura,Pecuária e criação de pequenos animais,,19,
X,V223B,153,Apicultura e sericicultura,Pecuária e criação de pequenos animais,,19,
X,V223B,191,Agropecuária,Agropecuária,,19,
X,V223B,211,Extração de borracha e gomas não elásticas,Extração vegetal,,19,
X,V223B,212,Extração de erva-mate,Extração vegetal,,19,
X,V223B,213,Extração de plantas fibrosas,Extração vegetal,,19,
X,V223B,214,Extração de frutos e sementes oleaginosas e ceras,Extração vegetal,,19,
X,V223B,215,Extração de madeiras,Extração vegetal,,19,
X,V223B,216,Produção de carvão vegetal,Extração vegetal,,19,
X,V223B,219,Atividades não compreendidas nas classes anteriores ou mal definidas,Extração vegetal,,19,
X,V223B,251,"Extração e beneficiamento de minerais metálicos e não metálicos (exclusive petróleo, gás natural e carvão de pedra)",Extração mineral,,19,
X,V223B,252,Extração e aparelhamento de pedras e outros materiais de construção,Extração mineral,,19,
X,V223B,253,Extração de petróleo e gás natural,Extração mineral,,19,
X,V223B,254,Extração de carvão de pedra,Extração mineral,,19,
X,V223B,255,Exploração de salinas e fontes hidrominerais,Extração mineral,,19,
X,V223B,256,Faiscação e garimpagem,Extração mineral,,19,
X,V223B,259,Atividades não compreendidas nas classes anteriores ou mal definidas,Extração mineral,,19,
X,V223B,291,Caça,Caça e pesca,,19,
X,V223B,292,Pesca e piscicultura,Caça e pesca,,19,
X,V223B,311,Indústrias metalúrgicas,Indústria de transformação,,19,
X,V223B,312,Indústrias mecânicas,Indústria de transformação,,19,
X,V223B,313,Indústrias de material elétrico e de material de comunicações,Indústria de transformação,,19,
X,V223B,314,Indústrias de material de transportes (construção e montagem),Indústria de transformação,,19,
X,V223B,315,Indústrias de minerais não metálicos (exclusive combustíveis minerais),Indústria de transformação,,19,
X,V223B,316,Indústrias da borracha,Indústria de transformação,,19,
X,V223B,317,Indústrias do fumo,Indústria de transformação,,19,
X,V223B,318,Indústrias de papel e papelão,Indústria de transformação,,19,
X,V223B,321,Indústrias do mobiliário (inclusive colchoarias),Indústria de transformação,,19,
X,V223B,322,Indústrias de madeira,Indústria de transformação,,19,não legível ou ausente no exemplar digitalizado do Código; rótulo do dicionário de códigos do IBGE que acompanha o arquivo (dicionario_60_last.doc)
X,V223B,323,"Indústrias de couro, peles e produtos similares (exclusive artigos do vestuário e calçados)",Indústria de transformação,,19,
X,V223B,324,Indústrias farmacêuticas,Indústria de transformação,,19,
X,V223B,325,Indústrias de plásticos,Indústria de transformação,,19,
X,V223B,326,Indústrias químicas,Indústria de transformação,,19,
X,V223B,327,Indústrias de produtos derivados do petróleo e do carvão (exclusive produção de gás de iluminação),Indústria de transformação,,19,
X,V223B,328,Indústrias têxteis,Indústria de transformação,,19,
X,V223B,331,Indústrias domiciliárias têxteis,Indústria de transformação,,19,
X,V223B,332,Indústrias domiciliárias de artigos de palha,Indústria de transformação,,19,
X,V223B,333,Indústrias do vestuário,Indústria de transformação,,19,
X,V223B,334,Indústrias do calçado,Indústria de transformação,,19,
X,V223B,335,Indústrias de produtos alimentares e estimulantes,Indústria de transformação,,19,
X,V223B,336,Indústrias de bebidas e álcoois,Indústria de transformação,,19,
X,V223B,337,Indústrias editoriais e gráficas,Indústria de transformação,,19,
X,V223B,339,Atividades não compreendidas nas classes anteriores ou mal definidas,Indústria de transformação,,19,
X,V223B,351,Construção civil,Indústrias de construção,,20,
X,V223B,391,Produção de energia elétrica e gás,Serviços industriais de utilidade pública,,20,
X,V223B,392,Abastecimento d'água e serviços de esgoto,Serviços industriais de utilidade pública,,20,
X,V223B,411,Comércio de animais vivos e matérias-primas (exclusive aves para alimentação),Comércio de mercadorias,,20,
X,V223B,412,"Comércio de gêneros alimentícios, bebidas e estimulantes",Comércio de mercadorias,,20,
X,V223B,413,"Comércio de tecidos e produtos afins, calçados, artigos do vestuário e armarinho",Comércio de mercadorias,,20,
X,V223B,414,"Comércio de móveis, tapeçarias, objetos de arte e ornamentação",Comércio de mercadorias,,20,
X,V223B,415,"Comércio de papel, impressos e artigos de escritório",Comércio de mercadorias,,20,
X,V223B,416,"Comércio de ferragens, louças, materiais de construção e produtos metalúrgicos",Comércio de mercadorias,,20,
X,V223B,417,"Comércio de máquinas, aparelhos, instrumentos, material elétrico, veículos e acessórios",Comércio de mercadorias,,20,
X,V223B,418,Comércio de produtos farmacêuticos,Comércio de mercadorias,,20,
X,V223B,421,Comércio de combustíveis e lubrificantes,Comércio de mercadorias,,20,
X,V223B,422,Comércio ambulante,Comércio de mercadorias,,20,
X,V223B,423,Feiras e mercados,Comércio de mercadorias,,20,
X,V223B,424,Atividades auxiliares do comércio,Comércio de mercadorias,,20,não legível ou ausente no exemplar digitalizado do Código; rótulo do dicionário de códigos do IBGE que acompanha o arquivo (dicionario_60_last.doc)
X,V223B,429,Atividades não compreendidas nas classes anteriores ou mal definidas,Comércio de mercadorias,,20,não legível ou ausente no exemplar digitalizado do Código; rótulo do dicionário de códigos do IBGE que acompanha o arquivo (dicionario_60_last.doc)
X,V223B,451,Comércio de imóveis,"Comércio de imóveis e valores mobiliários, crédito, seguros e capitalização",,21,
X,V223B,452,Comércio de títulos e moedas,"Comércio de imóveis e valores mobiliários, crédito, seguros e capitalização",,21,
X,V223B,453,Bancos e casas bancárias,"Comércio de imóveis e valores mobiliários, crédito, seguros e capitalização",,21,
X,V223B,454,Caixas econômicas e cooperativas de crédito,"Comércio de imóveis e valores mobiliários, crédito, seguros e capitalização",,21,
X,V223B,455,Seguros e capitalização,"Comércio de imóveis e valores mobiliários, crédito, seguros e capitalização",,21,
X,V223B,459,Atividades não compreendidas nas classes anteriores ou mal definidas,"Comércio de imóveis e valores mobiliários, crédito, seguros e capitalização",,21,
X,V223B,511,Serviços de alojamento e de alimentação,Prestação de serviços,,21,
X,V223B,512,Serviços de higiene pessoal,Prestação de serviços,,21,
X,V223B,513,"Serviços de confecção, conservação e reparação de artigos de uso pessoal",Prestação de serviços,,21,
X,V223B,514,"Serviços de conservação, reparação e ornamentação de habitações e locais de trabalho",Prestação de serviços,,21,
X,V223B,515,"Serviços de conservação, reparação e instalação de máquinas e veículos",Prestação de serviços,,21,
X,V223B,516,"Serviços de diversões (espetáculos, radiodifusão, televisão e desportos)",Prestação de serviços,,21,
X,V223B,517,Serviços domésticos remunerados,Prestação de serviços,,21,
X,V223B,518,Serviços de administração e conservação de edifícios,Prestação de serviços,,21,
X,V223B,519,Atividades não compreendidas nas classes anteriores ou mal definidas,Prestação de serviços,,21,
X,V223B,611,Transportes a tração e condução animal,"Transportes, comunicações e armazenagem",,21,
X,V223B,612,Transportes rodoviários por veículos motorizados,"Transportes, comunicações e armazenagem",,21,
X,V223B,613,Transportes urbanos de ferro-carril,"Transportes, comunicações e armazenagem",,21,
X,V223B,614,Transportes ferroviários,"Transportes, comunicações e armazenagem",,21,
X,V223B,615,"Transportes marítimos, fluviais e lacustres","Transportes, comunicações e armazenagem",,21,
X,V223B,616,Serviços portuários,"Transportes, comunicações e armazenagem",,21,
X,V223B,617,Transportes aéreos,"Transportes, comunicações e armazenagem",,21,
X,V223B,618,"Serviços postais, telegráficos e de radiocomunicações","Transportes, comunicações e armazenagem",,21,
X,V223B,621,Telefones,"Transportes, comunicações e armazenagem",,21,
X,V223B,622,Armazenagem,"Transportes, comunicações e armazenagem",,21,
X,V223B,629,Atividades não compreendidas nas classes anteriores ou mal definidas,"Transportes, comunicações e armazenagem",,21,
X,V223B,711,Ensino público,Atividades sociais,,21,
X,V223B,712,Ensino particular,Atividades sociais,,21,
X,V223B,713,Assistência médico-hospitalar pública,Atividades sociais,,21,
X,V223B,714,Assistência médico-hospitalar particular,Atividades sociais,,21,
X,V223B,715,"Saneamento, abastecimento e melhoramentos urbanos (exclusive abastecimento d'água e serviços de esgoto)",Atividades sociais,,21,
X,V223B,716,Previdência social,Atividades sociais,,21,não legível ou ausente no exemplar digitalizado do Código; rótulo do dicionário de códigos do IBGE que acompanha o arquivo (dicionario_60_last.doc)
X,V223B,717,Assistência e beneficência,Atividades sociais,,21,
X,V223B,718,Culto e atividades auxiliares,Atividades sociais,,21,
X,V223B,721,Instituições culturais,Atividades sociais,,21,
X,V223B,722,Sindicatos e associações de classe,Atividades sociais,,21,
X,V223B,729,Atividades não compreendidas nas classes anteriores ou mal definidas,Atividades sociais,,21,
X,V223B,751,Advocacia e atividades auxiliares,Profissões liberais,,22,
X,V223B,752,"Engenharia, arquitetura e atividades auxiliares",Profissões liberais,,22,
X,V223B,753,Odontologia e atividades auxiliares,Profissões liberais,,22,
X,V223B,754,"Agronomia, veterinária e atividades auxiliares",Profissões liberais,,22,
X,V223B,755,Medicina e atividades auxiliares,Profissões liberais,,22,
X,V223B,756,"Ciências, letras, artes e atividades auxiliares",Profissões liberais,,22,
X,V223B,757,Contabilidade e atividades auxiliares,Profissões liberais,,22,
X,V223B,759,Atividades não compreendidas nas classes anteriores ou mal definidas,Profissões liberais,,22,
X,V223B,811,Poder Legislativo,"Serviços administrativos governamentais, Legislativo, Justiça",,22,
X,V223B,812,Justiça e atividades auxiliares,"Serviços administrativos governamentais, Legislativo, Justiça",,22,
X,V223B,813,Serviço administrativo federal,"Serviços administrativos governamentais, Legislativo, Justiça",,22,
X,V223B,814,Serviço administrativo estadual,"Serviços administrativos governamentais, Legislativo, Justiça",,22,
X,V223B,815,Serviço administrativo municipal,"Serviços administrativos governamentais, Legislativo, Justiça",,22,
X,V223B,816,Serviço administrativo autárquico,"Serviços administrativos governamentais, Legislativo, Justiça",,22,
X,V223B,819,Atividades não compreendidas nas classes anteriores ou mal definidas,"Serviços administrativos governamentais, Legislativo, Justiça",,22,
X,V223B,851,Exército,Defesa nacional e segurança pública,,22,
X,V223B,852,Marinha de Guerra,Defesa nacional e segurança pública,,22,
X,V223B,853,Aviação Militar,Defesa nacional e segurança pública,,22,
X,V223B,854,Polícia Militar,Defesa nacional e segurança pública,,22,
X,V223B,855,Polícia Civil,Defesa nacional e segurança pública,,22,
X,V223B,856,Corpo de Bombeiros,Defesa nacional e segurança pública,,22,
X,V223B,859,Outras organizações de segurança,Defesa nacional e segurança pública,,22,
X,V223B,911,Representações estrangeiras,"Atividades não compreendidas nos demais ramos, atividades mal definidas ou não declaradas",,22,
X,V223B,912,Outras atividades não compreendidas nos demais ramos,"Atividades não compreendidas nos demais ramos, atividades mal definidas ou não declaradas",,22,
X,V223B,919,Atividades mal definidas ou não declaradas,"Atividades não compreendidas nos demais ramos, atividades mal definidas ou não declaradas",,22,
Z,V224,5,Empregado público,,,23,
Z,V224,6,Empregado particular,,,23,
Z,V224,7,Trabalhando por conta própria,,,23,
Z,V224,8,Parceiro ou meeiro,,,23,
Z,V224,9,Empregador,,,23,
Z,V224,0,Membro de família ou instituição,,,23,
Z,V224,1,Ignorado,,,23,
A (domicílio),V101,X,Boletim individual (quesitos seguintes não codificados),,,23,
A (domicílio),V101,1,Domicílio particular único,,,23,
A (domicílio),V101,2,"Domicílio particular convivente, da família principal",,,23,
A (domicílio),V101,3,Domicílio coletivo,,,23,
A (domicílio),V101,4,"Domicílio particular convivente, da 2ª família",,,23,
A (domicílio),V101,5,"Domicílio particular convivente, da 3ª família",,,23,
B (domicílio),V102,X,Coletivo e conviventes da 2ª e 3ª famílias (quesitos seguintes não codificados),,,23,
B (domicílio),V102,4,Durável,,,23,
B (domicílio),V102,5,Rústico,,,23,
B (domicílio),V102,6,Improvisado,,,23,
B (domicílio),V102,7,Ignorado,,,23,
C (domicílio),V103,X,Improvisados (quesitos seguintes não codificados),,,23,
C (domicílio),V103,7,Próprio,,,23,
C (domicílio),V103,8,Alugado,,,23,
C (domicílio),V103,9,Outra,,,23,
C (domicílio),V103,0,Ignorado,,,23,
D (domicílio),V104,0,Até Cr$ 500,,,23,
D (domicílio),V104,1,De Cr$ 500 a 1 000,,,23,
D (domicílio),V104,2,De Cr$ 1 001 a 2 000,,,23,
D (domicílio),V104,3,De Cr$ 2 001 a 4 000,,,23,
D (domicílio),V104,4,De Cr$ 4 001 a 6 000,,,23,
D (domicílio),V104,5,De Cr$ 6 001 a 10 000,,,23,
D (domicílio),V104,6,De Cr$ 10 001 a 20 000,,,23,
D (domicílio),V104,7,De Cr$ 20 001 e mais,,,23,
D (domicílio),V104,8,Não paga aluguel,,,23,
D (domicílio),V104,9,Ignorado,,,23,
E (domicílio),V105,9,Rede geral com canalização interna,,,24,
E (domicílio),V105,0,Rede geral com canalização externa,,,24,
E (domicílio),V105,1,Poço ou nascente com canalização,,,24,
E (domicílio),V105,2,Poço ou nascente sem canalização,,,24,
E (domicílio),V105,3,Outra forma de abastecimento,,,24,
E (domicílio),V105,4,Ignorado,,,24,
F (domicílio),V106,4,Rede de esgoto,,,24,
F (domicílio),V106,5,Fossa asséptica,,,24,
F (domicílio),V106,6,Fossa rudimentar,,,24,
F (domicílio),V106,7,Outro escoadouro,,,24,
F (domicílio),V106,8,Não tem,,,24,
F (domicílio),V106,9,Ignorado,,,24,
G (domicílio),V107,9,Lenha,,,24,
G (domicílio),V107,0,Carvão,,,24,
G (domicílio),V107,1,Elétrico,,,24,
G (domicílio),V107,2,Gás,,,24,
G (domicílio),V107,3,Óleo ou querosene,,,24,
G (domicílio),V107,4,Não tem,,,24,
G (domicílio),V107,5,Ignorado,,,24,
H (domicílio),V108,5,Tem,,,24,
H (domicílio),V108,6,Não tem,,,24,
H (domicílio),V108,7,Ignorado,,,24,
I (domicílio),V109,7,Tem,,,24,
I (domicílio),V109,8,Não tem,,,24,
I (domicílio),V109,9,Ignorado,,,24,
J (domicílio),V110,9,Tem,,,24,"o exemplar termina aqui; o quesito L (televisão, V111) não consta"
J (domicílio),V110,0,Não tem,,,24,"o exemplar termina aqui; o quesito L (televisão, V111) não consta"
J (domicílio),V110,1,Ignorado,,,24,"o exemplar termina aqui; o quesito L (televisão, V111) não consta"
