variavel,inicio,fim,rotulo,valores_validos,observacao
v001,1,5,"Pasta (número da pasta no cadastro nacional de arquivamento; par, alocado em blocos por UF)",,Os dois primeiros dígitos NÃO são o código da UF: o Paraná começa em 70002 e Fernando de Noronha em 27002. A UF vem do nome do arquivo.
v002,6,8,Boletim de Amostra dentro da pasta,,"O boletim é a família, não o domicílio: um domicílio com mais de uma família tem um boletim por família."
v003,9,10,Identificação do registro / ordem da pessoa no boletim,,01 a 49; sequencial sem falha dentro de cada boletim.
v004,11,11,Dígito verificador,,Em branco em 5.371 registros. Nenhum dos esquemas de verificação testados o reproduz: não serve de teste de integridade.
V200,12,13,Número da pessoa,,Cópia de v003 em 100% dos registros; serve de conferência.
V201,14,14,Dígito verificador,,Cópia de v004 em 100% dos registros; serve de conferência.
V202,15,15,Sexo,1;2;3;4;5;6,
V203,16,16,Relação Com Chefe,7;8;9;0;1;2;3;4;5;6,
V204,17,17,Tipo de Idade - Meses Ou Anos,0;1;5;9,Valores adicionados com base na sintaxe em SPSS - Não presentes no dicionário de código
AGE,18,19,,00;01;02;03;04;05;06;07;08;09;10;11;12;13;14;15;16;17;18;19;20;21;22;23;24;25;26;27;28;29;30;31;32;33;34;35;36;37;38;39;40;41;42;43;44;45;46;47;48;49;50;51;52;53;54;55;56;57;58;59;60;61;62;63;64;65;66;67;68;69;70;71;72;73;74;75;76;77;78;79;80;81;82;83;84;85;86;87;88;89;90;91;92;93;94;95;96;97;98;99,
V205,20,20,Religião,5;6;7;8;9;0;1;2;3;4;,
V206,21,21,Cor,4;5;6;7;8;9,
V207,22,23,Naturalidade,01;02;03;04;05;06;07;08;09;10;11;12;13;14;15;16;17;18;19;20;21;22;23;24;25;26;27;28;29;30;31;32;33;34;35;36;37;38;39;40;41;42;43;44;45;46;47;48;49;50;51;52;53;54;55;56;57;58;59;60;61;62;63;64;65;66;67;68;69;70;71;72;73;74;75;76;77;78;79;80;81;82;83;84;85;86;87;88;89;90;91;92;93;94;95;96;97;98;99,
V208,24,24,Nacionalidade,9;0;1,
V99,25,25,Filler,,Cópia de V208 em 100% dos registros; serve de conferência.
V209,26,26,"Procedência: Urbana Ou Rural 
(Para pessoas não naturais do município onde habitam)",0;1;2;3,
V299,27,27,Tempo de Imigração,2;3;4;5;6;7;8;9;0;1,
V210,28,29,Lugar Residência Anterior,00;01;02;03;04;05;06;07;08;09;10;11;12;13;14;15;16;17;18;19;20;21;22;23;24;25;26;27;28;29;30;31;32;33;34;35;36;37;38;39;40;41;42;43;44;45;46;47;48;49;50;51;52;53;54;55;56;57;58;59;60;61;62;63;64;65;66;67;68;69;70;71;72;73;74;75;76;77;78;79;80;81;82;83;84;85;86;87;88;89;90;91;92;93;94;95;96;97;98;99,
V211,30,30,Alfabetização,;0;1;2;3;4,
V212,31,31,Última Série Concluiu,;4;5;6;7;8;9;0;1;2,
V213,32,32,Grau do Curso,;2;3;4;5;6;1;0,
V214,33,34,Curso Completo,00;10;11;13;14;15;16;17;19;20;21;22;24;25;26;27;29;33;34;36;38;39;40;41;42;44;45;47;49;50;51;52;53;54;57;60;61;62;63;64;65;66;67;68;70;71;72;73;74;76;78;79;89;99;NA,
V215,35,35,Estado Conjugal,;6;7;8;9;0;1;2;3;4;5,
V216,36,37,Ano do Casamento,00;01;02;03;04;05;06;07;08;09;10;11;12;13;14;15;16;17;18;19;20;21;22;23;24;25;26;27;28;29;30;31;32;33;34;35;36;37;38;39;40;41;42;43;44;45;46;47;48;49;50;51;52;53;54;55;56;57;58;59;60;61;62;63;64;65;66;67;68;69;70;71;72;73;74;75;76;77;78;79;80;81;82;83;84;85;86;87;88;89;90;91;92;93;94;95;96;97;98;99;NA,
V217,38,39,Filhos Tidos,00;01;02;03;03;04;05;06;07;07;08;09;10;11;12;13;14;15;16;17;18;19;20;21;22;23;24;25;26;27;28;29;30;31;32;33;34;35;36;37;38;39;40;41;42;43;44;45;46;47;48;49;50;51;52;53;54;55;56;57;58;59;60;61;62;63;64;65;66;67;68;69;70;71;72;73;74;75;76;77;78;79;80;81;82;83;84;85;86;87;88;89;90;91;92;93;94;95;96;97;98;99;NA,
V218,40,41,Filhos Vivos,00;01;02;03;03;04;05;06;07;07;08;09;10;11;12;13;14;15;16;17;18;19;20;21;22;23;24;25;26;27;28;29;30;31;32;33;34;35;36;37;38;39;40;41;42;43;44;45;46;47;48;49;50;51;52;53;54;55;56;57;58;59;60;61;62;63;64;65;66;67;68;69;70;71;72;73;74;75;76;77;78;79;80;81;82;83;84;85;86;87;88;89;90;91;92;93;94;95;96;97;98;99;NA,
V219,42,42,Rendimentos,;5;6;7;8;9;0;1;2;3;4,
V220,43,43,Atividade não Econômica,;4;5;6;7;8;9;0;1;2;3,
V221,44,46,Ocupação Habitual,111;112;113;114;115;116;117;121;122;123;124;181;182;183;184;185;186;187;188;189;191;211;212;213;214;215;216;217;218;221;222;223;231;232;241;242;243;244;245;251;252;253;254;255;256;257;261;262;263;264;265;271;281;291;292;293;294;295;311;312;313;321;322;323;324;331;332;341;342;343;344;345;411;421;431;441;511;512;513;514;521;522;523;524;525;526;527;528;529;531;532;533;534;541;542;543;544;545;546;547;548;549;551;552;553;554;561;562;571;572;573;574;575;576;581;582;583;584;585;586;587;591;592;611;612;613;614;615;616;617;618;619;621;622;623;631;632;633;634;635;636;637;638;639;641;642;643;651;652;653;654;655;656;657;661;662;663;664;671;672;673;674;675;676;681;682;683;684;685;686;687;688;689;711;712;713;714;721;722;723;731;732;733;811;812;821;822;823;824;825;826;827;831;832;833;841;842;843;844;845;846;851;852;853;854;855;861;862;863;871;872;873;874;875;876;911;912;913;921;931;932;933;934;941;942;943;944;945;951;961;962;971;972;973;974;975;976;981;982;983;984;985;986;987;988;989;998;999;NA,
V223,47,47,Ocupação Na Ultima Semana,;2;3;4;5,
V223B,48,50,Ramo  e   Classe de Atividade,111;112;113;114;115;116;117;118;119;120;121;122;123;129;151;152;153;191;211;212;213;214;215;216;219;251;252;253;254;255;256;259;291;292;311;312;313;314;315;316;317;318;321;322;323;324;325;326;327;328;331;332;333;334;335;336;337;339;351;391;392;411;412;413;414;415;416;417;418;421;422;423;424;429;451;452;453;454;455;459;511;512;513;514;515;516;517;518;519;611;612;613;614;615;616;617;618;621;622;629;711;712;713;714;715;716;717;718;721;722;729;751;752;753;754;755;756;757;759;811;812;813;814;815;816;819;851;852;853;854;855;856;859;911;912;919;NA,
V224,51,51,Posição Na Ocupação,;0;1;5;6;7;8;9,
FILLER,52,54,Filler,,Zeros em todos os registros.
